{"name":"4421d3aa-a508-407a-a1cd-24d590b1ad18","id":"/providers/Microsoft.Flow/flows/4421d3aa-a508-407a-a1cd-24d590b1ad18","type":"Microsoft.Flow/flows","properties":{"apiId":"/providers/Microsoft.PowerApps/apis/shared_logicflows","displayName":"Retrieve SPO Storage","definition":{"metadata":{"workflowEntityId":null,"processAdvisorMetadata":null,"flowChargedByPaygo":null,"flowclientsuspensionreason":"None","flowclientsuspensiontime":null,"flowclientsuspensionreasondetails":null,"creator":{"id":"be7561b5-1037-4c6d-89c1-dcceeef72c8d","type":"User","tenantId":"246e714f-e4c2-40eb-a104-f70e9c80d6dc"},"provisioningMethod":"FromDefinition","failureAlertSubscription":true,"clientLastModifiedTime":"2024-01-29T17:39:28.7944219Z","connectionKeySavedTimeKey":"2025-01-28T05:36:01.8070484Z"},"$schema":"https://schema.management.azure.com/providers/Microsoft.Logic/schemas/2016-06-01/workflowdefinition.json#","contentVersion":"undefined","parameters":{"$authentication":{"defaultValue":{},"type":"SecureObject"},"$connections":{"defaultValue":{},"type":"Object"}},"triggers":{"Recurrence":{"recurrence":{"frequency":"Week","interval":1,"startTime":"2023-11-27T13:00:00.000Z","schedule":{"weekDays":["Monday","Tuesday","Wednesday","Thursday","Friday","Saturday","Sunday"],"hours":["10"]}},"metadata":{"operationMetadataId":"295fd417-cd1a-4f28-88d8-da8ba267458c"},"type":"Recurrence"}},"actions":{"Get_SPO_Service_Storage_Quotas":{"runAfter":{},"metadata":{"operationMetadataId":"ff9a704c-5ffc-4680-8945-1f2387e60b7b"},"type":"OpenApiConnection","inputs":{"parameters":{"dataset":"https://aacr615-admin.sharepoint.com/","parameters/method":"GET","parameters/uri":"_api/StorageQuotas()?api-version=1.3.2","parameters/headers":{"accept":"application/json;odata=verbose","content-type":"application/json;odata=verbose"}},"host":{"apiId":"/providers/Microsoft.PowerApps/apis/shared_sharepointonline","connectionName":"shared_sharepointonline","operationId":"HttpRequest"},"authentication":"@parameters('$authentication')"}},"Parse_JSON":{"runAfter":{"Get_SPO_Service_Storage_Quotas":["Succeeded"]},"metadata":{"operationMetadataId":"4cb78d0b-fb41-4cd6-b03a-76a430bfc764"},"type":"ParseJson","inputs":{"content":"@body('Get_SPO_Service_Storage_Quotas')","schema":{"type":"object","properties":{"d":{"type":"object","properties":{"results":{"type":"array","items":{"type":"object","properties":{"__metadata":{"type":"object","properties":{"id":{"type":"string"},"uri":{"type":"string"},"type":{"type":"string"}}},"GeoAvailableStorageMB":{"type":"string"},"GeoUsedStorageMB":{"type":"string"},"TenantStorageMB":{"type":"string"}},"required":["__metadata","GeoAvailableStorageMB","GeoUsedStorageMB","TenantStorageMB"]}}}}}}}},"For_each":{"foreach":"@outputs('Parse_JSON')?['body']?['d']?['results']","actions":{"Compose":{"metadata":{"operationMetadataId":"becd9c81-447d-4eeb-83ba-ee4b0eb7046e"},"type":"Compose","inputs":"Tenant Allocated Storage: @{formatNumber(div(float(item()?['TenantStorageMB']),1000),'F2','en-us')}\nGeo Used Storage: @{formatNumber(div(float(item()?['GeoUsedStorageMB']),1000),'F2','en-us')}\nGeo Available Storage: @{formatNumber(div(float(item()?['GeoAvailableStorageMB']),1000),'F2','en-us')}"},"If_Low_Storage_Treshold_Reached":{"actions":{"Send_Low_Storage_Notification":{"metadata":{"operationMetadataId":"b7a8ba65-fe7f-4cad-bacc-46e856fe94fe"},"type":"OpenApiConnection","inputs":{"parameters":{"emailMessage/To":"lydia.rodriguez@aacr.org;sumod.jacob@aacr.org;jonathan.davis@aacr.org","emailMessage/Subject":"Low Storage Notification","emailMessage/Body":"<p><span style=\"white-space: pre-wrap;\">Good Morning,</span></p><p><span style=\"color: rgb(0, 0, 0); white-space: pre-wrap;\">The available storage for AACR's SharePoint Online service is below the low storage threshold of 100 GB.</span></p><p><span style=\"color: rgb(0, 0, 0); white-space: pre-wrap;\">Below are the storage details at time of the email be sent:</span></p><ul><li><span style=\"color: rgb(0, 0, 0); white-space: pre-wrap;\">Available Storage: </span>@{formatNumber(div(float(item()?['GeoAvailableStorageMB']),1000),'F2','en-us')}<span style=\"color: rgb(0, 0, 0); white-space: pre-wrap;\"> GB</span></li><li><span style=\"color: rgb(0, 0, 0); white-space: pre-wrap;\">Used Storage : </span>@{formatNumber(div(float(item()?['GeoUsedStorageMB']),1000),'F2','en-us')}<span style=\"color: rgb(0, 0, 0); white-space: pre-wrap;\"> GB</span></li><li><span style=\"color: rgb(0, 0, 0); white-space: pre-wrap;\">Allocated Storage: </span>@{formatNumber(div(float(item()?['TenantStorageMB']),1000),'F2','en-us')}<span style=\"color: rgb(0, 0, 0); white-space: pre-wrap;\"> GB</span></li><li><br></li></ul>","emailMessage/Cc":"rickyadm@aacr.org ;ricky.lowe@verinext.com","emailMessage/Importance":"High"},"host":{"apiId":"/providers/Microsoft.PowerApps/apis/shared_office365","connectionName":"shared_office365","operationId":"SendEmailV2"},"authentication":"@parameters('$authentication')"}}},"runAfter":{"Compose":["Succeeded"]},"else":{"actions":{}},"expression":{"and":[{"equals":["@lessOrEquals(int(item()?['GeoAvailableStorageMB']),100000)","@true"]}]},"metadata":{"operationMetadataId":"b935daec-e9bd-4be1-991d-c476a858b95a"},"type":"If"}},"runAfter":{"Parse_JSON":["Succeeded"]},"metadata":{"operationMetadataId":"f0c40212-0b93-4d6d-ae09-ef3fee2c1b34"},"type":"Foreach"}}},"connectionReferences":{"shared_sharepointonline":{"connectionName":"shared-sharepointonl-8ba4a721-fd84-4d97-86fd-d6c893507a78","source":"Embedded","id":"/providers/Microsoft.PowerApps/apis/shared_sharepointonline","tier":"NotSpecified","apiName":"sharepointonline"},"shared_office365":{"connectionName":"shared-office365-868e4341-3568-4736-9922-6d0d50dc3218","source":"Embedded","id":"/providers/Microsoft.PowerApps/apis/shared_office365","tier":"NotSpecified","apiName":"office365"}},"flowFailureAlertSubscribed":false,"isManaged":false}}