{"schemaVersion":"1.0","appDefinitionTemplate":{"id":"/providers/Microsoft.PowerApps/apps/","type":"Microsoft.PowerApps/apps","tags":{"primaryDeviceWidth":"1366","primaryDeviceHeight":"768","sienaVersion":"20220505T150928Z-3.22043.27.0","deviceCapabilities":"","supportsPortrait":"true","supportsLandscape":"true","primaryFormFactor":"Tablet","publisherVersion":"3.22043.27","minimumRequiredApiVersion":"2.2.0","hasComponent":"false","hasUnlockedComponent":"false","isUnifiedRootApp":"false"},"properties":{"appVersion":"2022-05-05T15:09:28Z","lifeCycleId":"Published","createdByClientVersion":{"major":3,"minor":22043,"build":27,"revision":0,"majorRevision":0,"minorRevision":0},"minClientVersion":{"major":3,"minor":22043,"build":27,"revision":0,"majorRevision":0,"minorRevision":0},"backgroundColor":"RGBA(0,176,240,1)","backgroundImageUri":"/1808529277632311152/Nf6ae82a0-4f28-4b14-9bd0-ad4322bc2963-logoSmallFile","displayName":"Conference Center Reservation Approval","description":"","commitMessage":"","appUris":{"documentUri":{"value":"/1808529277632311152/N247bec33-7c02-401a-8cf1-dc325cb46a6f-document.msapp"},"imageUris":[],"additionalUris":[]},"createdTime":"0001-01-01T00:00:00Z","lastModifiedTime":"0001-01-01T00:00:00Z","sharedGroupsCount":0,"sharedUsersCount":0,"connectionReferences":{"13713795-90e3-4c83-b1ef-e3204428ac45":{"id":"0e29a7d3-4c21-4ed2-9622-62d7a80c1aae","displayName":"SharePoint","iconUri":"https://connectoricons-prod.azureedge.net/releases/v1.0.1568/1.0.1568.2757/sharepointonline/icon.png","dataSources":["Meeting Contacts","NewMeetingRequest","Departments List"],"dependencies":[],"dependents":[],"parameterHints":{},"parameterHintsV2":{},"isOnPremiseConnection":false,"bypassConsent":false,"dataSets":{"https://aacr615.sharepoint.com/sites/AACRConferenceCenter":{"dataSources":{"Meeting Contacts":{"tableName":"a94be7fe-9dc6-4186-a9fc-0331743732be"},"NewMeetingRequest":{"tableName":"c1f59cd0-e381-4ace-8af8-f23c0538b3d6"},"Departments List":{"tableName":"a899809b-7363-413b-b013-9ab5c486d753"}}}},"apiTier":"Standard","isCustomApiConnection":false,"actions":["providers/PowerPlatform.Governance/Operations/Read","providers/PowerPlatform.Governance/Operations/Write"]}},"databaseReferences":{},"almMode":"Environment","performanceOptimizationEnabled":true,"canConsumeAppPass":true,"executionRestrictions":{"isTeamsOnly":false,"dataLossPreventionEvaluationResult":{"status":"Compliant","lastEvaluationDate":"2022-01-23T04:38:58.5507709Z","violations":[],"violationsByPolicy":[],"violationErrorMessage":"The app uses the following connectors: shared_sharepointonline."}}},"appType":"ClassicCanvasApp","appComponents":[]}}