{"name":"22c2c248-8ed7-45c2-8928-acb20c48dc2d","id":"/providers/Microsoft.Flow/flows/22c2c248-8ed7-45c2-8928-acb20c48dc2d","type":"Microsoft.Flow/flows","properties":{"apiId":"/providers/Microsoft.PowerApps/apis/shared_logicflows","displayName":"Send Meeting Request and Meeting Request Received Emails","definition":{"metadata":{"workflowEntityId":null,"processAdvisorMetadata":null,"flowChargedByPaygo":null,"flowclientsuspensionreason":"None","flowclientsuspensiontime":null,"flowclientsuspensionreasondetails":null,"creator":{"id":"1f77b23b-93e1-4a61-be2d-079c926aa021","type":"User","tenantId":"246e714f-e4c2-40eb-a104-f70e9c80d6dc"},"provisioningMethod":"FromDefinition","failureAlertSubscription":true,"clientLastModifiedTime":"2025-03-05T22:09:32.2277757Z","connectionKeySavedTimeKey":"2025-03-05T22:09:32.2277757Z","creationSource":null},"$schema":"https://schema.management.azure.com/providers/Microsoft.Logic/schemas/2016-06-01/workflowdefinition.json#","contentVersion":"1.0.0.0","parameters":{"$connections":{"defaultValue":{},"type":"Object"},"$authentication":{"defaultValue":{},"type":"SecureObject"}},"triggers":{"manual":{"metadata":{"operationMetadataId":"220397eb-b233-401e-b853-d459df25dc63"},"type":"Request","kind":"PowerApp","inputs":{"schema":{"type":"object","properties":{"SendMeetingRequestEmail_To":{"type":"string","format":"email","description":"Specify email addresses separated by semicolons like someone@contoso.com","x-ms-powerflows-param-ispartial":false},"SendMeetingRequestEmail_Subject":{"type":"string","description":"Specify the subject of the mail","x-ms-powerflows-param-ispartial":false},"SendMeetingRequestEmail_Body":{"type":"string","format":"html","description":"Specify the body of the mail. This parameter is used as part of \"EB3CBA1B-C91F-491D-8E29-F307F572366C\"","x-ms-powerflows-param-ispartial":true},"SendMeetingRequestReceived_To":{"type":"string","format":"email","description":"Specify email addresses separated by semicolons like someone@contoso.com","x-ms-powerflows-param-ispartial":false},"SendMeetingRequestReceived_Subject":{"type":"string","description":"Specify the subject of the mail","x-ms-powerflows-param-ispartial":false},"SendMeetingRequestReceived_Body":{"type":"string","format":"html","description":"Specify the body of the mail. This parameter is used as part of \"836246CC-33D8-4253-8C4A-231FD028054A\"","x-ms-powerflows-param-ispartial":true},"SendMeetingRequestEmail_CC":{"type":"string","format":"email","description":"Specify email addresses separated by semicolons like someone@contoso.com","x-ms-powerflows-param-ispartial":false},"SendMeetingRequestReceived_CC":{"type":"string","format":"email","description":"Specify email addresses separated by semicolons like someone@contoso.com","x-ms-powerflows-param-ispartial":false},"constLinkToWorkflowHistory_Value":{"type":"object","description":"Enter initial value","x-ms-powerflows-param-ispartial":false},"ErrorRecipients_Value":{"type":"object","description":"Enter initial value","x-ms-powerflows-param-ispartial":false}},"required":["SendMeetingRequestEmail_To","SendMeetingRequestEmail_Subject","SendMeetingRequestEmail_Body","SendMeetingRequestReceived_To","SendMeetingRequestReceived_Subject","SendMeetingRequestReceived_Body","SendMeetingRequestEmail_CC","SendMeetingRequestReceived_CC","constLinkToWorkflowHistory_Value","ErrorRecipients_Value"]}}}},"actions":{"Initialize_constLinkToWorkflowHistory":{"runAfter":{},"metadata":{"operationMetadataId":"57a1265b-ee29-4aa9-a19f-bc57c106055f"},"type":"InitializeVariable","inputs":{"variables":[{"name":"constLinkToWorkflowHistory","type":"string"}]}},"Initialize_FlowFailureAlertMail":{"runAfter":{"Initialize_constLinkToWorkflowHistory":["Succeeded"]},"metadata":{"operationMetadataId":"8e1230c4-bad8-468d-a1d6-f6fd8938a668"},"type":"InitializeVariable","inputs":{"variables":[{"name":"FlowFailureAlertMail","type":"string"}]}},"Set_constLinkToWorkflowHistory":{"runAfter":{"ErrorRecipients":["Succeeded"]},"metadata":{"operationMetadataId":"0d9ede43-bad8-4517-8e84-34516655e28a"},"type":"SetVariable","inputs":{"name":"constLinkToWorkflowHistory","value":"@{replace(replace(replace(variables('constLinkToWorkflowHistoryData')['HTMLText'], '@@environmentName@@', workflow()['tags']['environmentName']), '@@logicAppName@@', workflow()['tags']['logicAppName']), '@@name@@', workflow()['run']['name'])}"}},"Apply_to_each":{"foreach":"@variables('ErrorRecipientsData')['Person']","actions":{"Append_to_string_variable":{"runAfter":{},"metadata":{"operationMetadataId":"4024dc80-fa13-4f22-9db5-c232e5147588"},"type":"AppendToStringVariable","inputs":{"name":"FlowFailureAlertMail","value":"@{items('Apply_to_each')['Email']};"}}},"runAfter":{"Set_constLinkToWorkflowHistory":["Succeeded"]},"metadata":{"operationMetadataId":"657e945b-6fd6-4e5c-863d-fdf5177ba1dd"},"type":"Foreach"},"Send_Meeting_Request_Email":{"runAfter":{"Apply_to_each":["Succeeded"]},"metadata":{"operationMetadataId":"c398ab22-4729-451d-bd26-9365ddb6cd08"},"type":"OpenApiConnection","inputs":{"host":{"apiId":"/providers/Microsoft.PowerApps/apis/shared_office365","connectionName":"shared_office365","operationId":"SendEmailV2"},"parameters":{"emailMessage/To":"@triggerBody()['SendMeetingRequestEmail_To']","emailMessage/Subject":"@triggerBody()['SendMeetingRequestEmail_Subject']","emailMessage/Body":"<p>@{triggerBody()['SendMeetingRequestEmail_Body']}</p>","emailMessage/Cc":"@triggerBody()['SendMeetingRequestEmail_CC']"},"authentication":{"value":"@json(decodeBase64(triggerOutputs().headers['X-MS-APIM-Tokens']))['$ConnectionKey']","type":"Raw"}}},"Send_Meeting_Request_Received":{"runAfter":{"Send_Meeting_Request_Email":["Succeeded"]},"metadata":{"operationMetadataId":"f68a49f2-b2cf-4dee-a4b6-293e3a0e0d45"},"type":"OpenApiConnection","inputs":{"host":{"apiId":"/providers/Microsoft.PowerApps/apis/shared_office365","connectionName":"shared_office365","operationId":"SendEmailV2"},"parameters":{"emailMessage/To":"@triggerBody()['SendMeetingRequestReceived_To']","emailMessage/Subject":"@triggerBody()['SendMeetingRequestReceived_Subject']","emailMessage/Body":"<p>@{triggerBody()['SendMeetingRequestReceived_Body']}</p>","emailMessage/Cc":"@triggerBody()['SendMeetingRequestReceived_CC']"},"authentication":{"value":"@json(decodeBase64(triggerOutputs().headers['X-MS-APIM-Tokens']))['$ConnectionKey']","type":"Raw"}}},"Send_Flow_Failure_Send_Meeting_Request_Email":{"runAfter":{"Send_Meeting_Request_Email":["Failed","TimedOut"]},"metadata":{"operationMetadataId":"0d70b7d7-2133-47c6-aaee-10fecb7330d5"},"type":"OpenApiConnection","inputs":{"host":{"apiId":"/providers/Microsoft.PowerApps/apis/shared_office365","connectionName":"shared_office365","operationId":"SendEmailV2"},"parameters":{"emailMessage/To":"@variables('FlowFailureAlertMail')","emailMessage/Subject":"Flow Failure: @{workflow()?['tags']?['flowDisplayName']}","emailMessage/Body":"<p>Failed Action: Send Meeting Request Email<br>\n@{variables('constLinkToWorkflowHistory')}</p>"},"authentication":{"value":"@json(decodeBase64(triggerOutputs().headers['X-MS-APIM-Tokens']))['$ConnectionKey']","type":"Raw"}}},"Send_Flow_Failure_Send_Meeting_Request_Received":{"runAfter":{"Send_Meeting_Request_Received":["Failed","TimedOut"]},"metadata":{"operationMetadataId":"0d70b7d7-2133-47c6-aaee-10fecb7330d5"},"type":"OpenApiConnection","inputs":{"host":{"apiId":"/providers/Microsoft.PowerApps/apis/shared_office365","connectionName":"shared_office365","operationId":"SendEmailV2"},"parameters":{"emailMessage/To":"@variables('FlowFailureAlertMail')","emailMessage/Subject":"Flow Failure: @{workflow()?['tags']?['flowDisplayName']}","emailMessage/Body":"<p>Failed Action: Send Meeting Request Received<br>\n@{variables('constLinkToWorkflowHistory')}</p>"},"authentication":{"value":"@json(decodeBase64(triggerOutputs().headers['X-MS-APIM-Tokens']))['$ConnectionKey']","type":"Raw"}}},"constLinkToWorkflowHistory":{"runAfter":{"Initialize_FlowFailureAlertMail":["Succeeded"]},"metadata":{"operationMetadataId":"f76bc1ee-7783-46f3-b259-34eea77b6a5c"},"type":"InitializeVariable","inputs":{"variables":[{"name":"constLinkToWorkflowHistoryData","type":"object","value":"@triggerBody()['constLinkToWorkflowHistory_Value']"}]}},"ErrorRecipients":{"runAfter":{"constLinkToWorkflowHistory":["Succeeded"]},"metadata":{"operationMetadataId":"168ce082-99db-48ef-9ec2-a450c649533f"},"type":"InitializeVariable","inputs":{"variables":[{"name":"ErrorRecipientsData","type":"object","value":"@triggerBody()['ErrorRecipients_Value']"}]}}}},"connectionReferences":{"shared_office365":{"connectionName":"706b4d9f897e4adeba9f349c55e80068","source":"Invoker","id":"/providers/Microsoft.PowerApps/apis/shared_office365","tier":"NotSpecified","apiName":"office365"}},"flowFailureAlertSubscribed":false,"isManaged":false}}