{"schemaVersion":"1.0","appDefinitionTemplate":{"id":"/providers/Microsoft.PowerApps/apps/","type":"Microsoft.PowerApps/apps","tags":{"primaryDeviceWidth":"1185","primaryDeviceHeight":"790","sienaVersion":"20231010T223936Z-3.23093.27.0","deviceCapabilities":"","supportsPortrait":"true","supportsLandscape":"true","primaryFormFactor":"Web","publisherVersion":"3.23093.27","minimumRequiredApiVersion":"2.2.0","hasComponent":"true","hasUnlockedComponent":"true","isUnifiedRootApp":"false","showStatusBar":"false"},"properties":{"appVersion":"2023-10-10T22:39:36Z","lifeCycleId":"Published","createdByClientVersion":{"major":3,"minor":23093,"build":27,"revision":0,"majorRevision":0,"minorRevision":0},"minClientVersion":{"major":3,"minor":23093,"build":27,"revision":0,"majorRevision":0,"minorRevision":0},"backgroundColor":"RGBA(0,176,240,1)","backgroundImageUri":"/9091972122828086483/N044ce3a4-2be9-4b5c-8a96-80fbcd5fd82a-logoSmallFile","displayName":"NewMeetingRequest on AACRConferenceCenter forms","description":"","commitMessage":"","appUris":{"documentUri":{"value":"/9091972122828086483/N762820a9-81ce-4b34-9d73-ef8800803147-document.msapp"},"imageUris":[],"additionalUris":[]},"createdTime":"0001-01-01T00:00:00Z","lastModifiedTime":"0001-01-01T00:00:00Z","sharedGroupsCount":0,"sharedUsersCount":0,"connectionReferences":{"d61de340-d7fe-4149-9a62-f9e621d5c856":{"id":"0e29a7d3-4c21-4ed2-9622-62d7a80c1aae","displayName":"SharePoint","iconUri":"https://connectoricons-prod.azureedge.net/releases/v1.0.1656/1.0.1656.3432/sharepointonline/icon.png","dataSources":["ConferenceCenterReservationRequestApprovalConfig","Meeting Contacts","Departments List","NewMeetingRequest"],"dependencies":[],"dependents":[],"parameterHints":{},"parameterHintsV2":{},"isOnPremiseConnection":false,"bypassConsent":false,"dataSets":{"https://aacr615.sharepoint.com/sites/AACRConferenceCenter":{"dataSources":{"ConferenceCenterReservationRequestApprovalConfig":{"tableName":"d328e9c8-5bbc-4fe4-bb5a-3f5485d32e61"},"Meeting Contacts":{"tableName":"a94be7fe-9dc6-4186-a9fc-0331743732be"},"Departments List":{"tableName":"a899809b-7363-413b-b013-9ab5c486d753"},"NewMeetingRequest":{"tableName":"c1f59cd0-e381-4ace-8af8-f23c0538b3d6"}}}},"apiTier":"Standard","isCustomApiConnection":false,"actions":["providers/PowerPlatform.Governance/Operations/Read","providers/PowerPlatform.Governance/Operations/Write"]},"b176cbed-9744-42ed-a0be-2dcdbf3cf30b":{"id":"06f97b28-9390-4347-83d1-2cc133fc4958","displayName":"Logic flows","iconUri":"https://connectoricons-prod.azureedge.net/releases/v1.0.1653/1.0.1653.3403/logicflows/icon.png","dataSources":["SendMeetingRequestandMeetingRequestReceivedEmails"],"dependencies":["f437ed02-6a1f-44e3-81ce-35bc1aa3936a"],"dependents":[],"parameterHints":{"workflowName":{"value":"0f76d5de-26b0-43bd-a6d8-d4b4090ca7cb"},"workflowEntityId":{},"f437ed02-6a1f-44e3-81ce-35bc1aa3936a":{"value":"shared_office365"}},"parameterHintsV2":{"workflowName":{"value":"0f76d5de-26b0-43bd-a6d8-d4b4090ca7cb"},"workflowEntityId":{},"shared_office365":{"value":"f437ed02-6a1f-44e3-81ce-35bc1aa3936a"}},"isOnPremiseConnection":false,"bypassConsent":false,"dataSets":{},"apiTier":"Standard","isCustomApiConnection":false,"actions":["Run"],"nestedActions":[{"id":"/providers/Microsoft.PowerApps/apis/shared_office365/apiOperations/SendEmailV2","apiName":"Office 365 Outlook","actionName":"SendEmailV2","referencedResources":[]}]},"f437ed02-6a1f-44e3-81ce-35bc1aa3936a":{"id":"7b63e4c6-30ad-4dd2-9855-151b5dcab535","displayName":"Office 365 Outlook","iconUri":"https://connectoricons-prod.azureedge.net/u/henryorsborn/partial-builds/asev3migrations-with-resourceTemplate/1.0.1653.3403/office365/icon.png","dataSources":[],"dependencies":[],"dependents":["b176cbed-9744-42ed-a0be-2dcdbf3cf30b"],"parameterHints":{},"parameterHintsV2":{},"isOnPremiseConnection":false,"bypassConsent":false,"dataSets":{},"apiTier":"Standard","isCustomApiConnection":false}},"databaseReferences":{},"embeddedApp":{"siteId":"https://aacr615.sharepoint.com/sites/AACRConferenceCenter","listId":"c1f59cd0-e381-4ace-8af8-f23c0538b3d6","listUrl":"https://aacr615.sharepoint.com/sites/AACRConferenceCenter/Lists/NewMeetingRequest/AllItems.aspx","type":"SharepointFormApp","screenWidth":1185,"screenHeight":790},"almMode":"Environment","performanceOptimizationEnabled":true,"canConsumeAppPass":true,"enableModernRuntimeMode":false,"executionRestrictions":{"isTeamsOnly":false,"dataLossPreventionEvaluationResult":{"status":"Compliant","lastEvaluationDate":"2023-10-10T22:39:58.151641Z","violations":[],"violationsByPolicy":[],"violationErrorMessage":"The app uses the following connectors: shared_sharepointonline, shared_logicflows, shared_office365."},"httpActionRestriction":{"appUsesSharepointHttpAction":false,"enforcementStrategy":"Legacy","evaluationTime":"2023-10-10T22:39:58.1515481Z"}}},"appType":"ClassicCanvasApp","appComponents":[]}}