{"name":"e07eb764-8820-489b-b696-c5a89b8058e0","id":"/providers/Microsoft.Flow/flows/e07eb764-8820-489b-b696-c5a89b8058e0","type":"Microsoft.Flow/flows","properties":{"apiId":"/providers/Microsoft.PowerApps/apis/shared_logicflows","displayName":"Create Reservation Reminder - ConfrRsrv","definition":{"metadata":{"workflowEntityId":null,"processAdvisorMetadata":null,"flowChargedByPaygo":null,"flowclientsuspensionreason":"None","flowclientsuspensiontime":null,"flowclientsuspensionreasondetails":null,"creator":{"id":"1f77b23b-93e1-4a61-be2d-079c926aa021","type":"User","tenantId":"246e714f-e4c2-40eb-a104-f70e9c80d6dc"},"provisioningMethod":"FromDefinition","failureAlertSubscription":true,"clientLastModifiedTime":"2023-09-29T05:17:27.0454611Z"},"$schema":"https://schema.management.azure.com/providers/Microsoft.Logic/schemas/2016-06-01/workflowdefinition.json#","contentVersion":"1.0.0.0","parameters":{"$connections":{"defaultValue":{},"type":"Object"},"$authentication":{"defaultValue":{},"type":"SecureObject"}},"triggers":{"manual":{"splitOn":"@triggerBody()['rows']","metadata":{"operationMetadataId":"21d66257-49df-48e8-abc9-1339c34272d8"},"type":"Request","kind":"ApiConnection","inputs":{"schema":{"type":"object","properties":{"rows":{"type":"array","items":{"type":"object","properties":{"email":{"title":"Send Reminder To","type":"string","format":"email","x-ms-dynamically-added":true,"description":"Please enter an e-mail address","x-ms-content-hint":"EMAIL"},"date":{"title":"Reminder Date","type":"string","format":"date","x-ms-dynamically-added":true,"description":"Please enter or select a date (YYYY-MM-DD)","x-ms-content-hint":"DATE"},"text":{"title":"Reminder Notes","type":"string","x-ms-dynamically-added":true,"description":"Please enter your input","x-ms-content-hint":"TEXT"},"entity":{"type":"object","properties":{"ID":{"title":"ID","type":"integer","format":"int64"}},"required":["ID"]}},"required":["email","date","entity"]}}},"required":["rows"]},"host":{"connection":{"name":"@parameters('$connections')['shared_sharepointonline']['connectionId']"},"api":{"runtimeUrl":"https://flow-apim-msmanaged-na-northcentralus-01.azure-apim.net/apim/sharepointonline"}},"operationId":"GetItemHybridTriggerSchema","parameters":{"dataset":"https://aacr615.sharepoint.com/sites/AACRConferenceCenter","table":"NewMeetingRequest"}}}},"actions":{"Send_Flow_Failure_Get_Meeting_Item":{"runAfter":{"Get_Meeting_Item":["Failed","TimedOut"]},"metadata":{"operationMetadataId":"0d70b7d7-2133-47c6-aaee-10fecb7330d5"},"type":"OpenApiConnection","inputs":{"host":{"apiId":"/providers/Microsoft.PowerApps/apis/shared_office365","connectionName":"shared_office365","operationId":"SendEmailV2"},"parameters":{"emailMessage/To":"@variables('FlowFailureAlertMail')","emailMessage/Subject":"Flow Failure:@{workflow()?['tags']?['flowDisplayName']}","emailMessage/Body":"<p>Failed Action:Get Meeting Item<br>\n@{variables('constLinkToWorkflowHistory')}</p>"},"authentication":{"value":"@json(decodeBase64(triggerOutputs().headers['X-MS-APIM-Tokens']))['$ConnectionKey']","type":"Raw"}}},"Initialize_constLinkToWorkflowHistory":{"runAfter":{"Initialize_FlowFailureAlertMail":["Succeeded"]},"metadata":{"operationMetadataId":"e2c78208-680b-411a-b675-840e587f3687"},"type":"InitializeVariable","inputs":{"variables":[{"name":"constLinkToWorkflowHistory","type":"string"}]}},"SendToHasSemicolon":{"actions":{"Apply_to_each_SendTo":{"foreach":"@split(triggerBody()['email'],';')","actions":{"Append_to_ReceipientArray_-_Loop":{"runAfter":{},"metadata":{"operationMetadataId":"3ceaea01-ad16-484e-9d01-0e6240bd5759"},"type":"AppendToArrayVariable","inputs":{"name":"ReceipientArray","value":"@items('Apply_to_each_SendTo')"}}},"runAfter":{},"metadata":{"operationMetadataId":"51344ac0-ab40-42a6-bd94-d406997f0f04"},"type":"Foreach"}},"runAfter":{"Get_Meeting_Item":["Succeeded"]},"else":{"actions":{"Append_to_ReceipientArray":{"runAfter":{},"metadata":{"operationMetadataId":"2f9458d0-8ece-4202-b777-6ac333a73965"},"type":"AppendToArrayVariable","inputs":{"name":"ReceipientArray","value":"@triggerBody()['email']"}}}},"expression":{"contains":["@triggerBody()['email']",";"]},"metadata":{"operationMetadataId":"1c839745-ae08-4157-994b-b2550a9d0059"},"type":"If"},"Initialize_ReminderRecipients":{"runAfter":{"Initialize_constLinkToWorkflowHistory":["Succeeded"]},"metadata":{"operationMetadataId":"cec52166-4705-47f1-b792-8ffd98b5358b"},"type":"InitializeVariable","inputs":{"variables":[{"name":"ReminderRecipients","type":"string"}]}},"Initialize_variable":{"runAfter":{"Initialize_ReminderRecipients":["Succeeded"]},"metadata":{"operationMetadataId":"bf7fbec9-58a2-4ba7-9502-adc701c11749"},"type":"InitializeVariable","inputs":{"variables":[{"name":"ReceipientArray","type":"array"}]}},"Apply_to_each_ReceipientArray":{"foreach":"@variables('ReceipientArray')","actions":{"Get_Reminder_Recipient_Email":{"runAfter":{},"metadata":{"operationMetadataId":"b86c529d-53ab-4515-b359-1a42b49ca881"},"type":"OpenApiConnection","inputs":{"host":{"apiId":"/providers/Microsoft.PowerApps/apis/shared_office365users","connectionName":"shared_office365users","operationId":"SearchUserV2"},"parameters":{"searchTerm":"@items('Apply_to_each_ReceipientArray')","top":1},"authentication":{"value":"@json(decodeBase64(triggerOutputs().headers['X-MS-APIM-Tokens']))['$ConnectionKey']","type":"Raw"}}},"Apply_to_each":{"foreach":"@outputs('Get_Reminder_Recipient_Email')?['body/value']","actions":{"Has_Display_Name":{"actions":{"Create_Reminder_Tracking_item":{"runAfter":{},"metadata":{"operationMetadataId":"87ebf8ba-3167-435e-8200-50ca4828990c"},"type":"OpenApiConnection","inputs":{"host":{"apiId":"/providers/Microsoft.PowerApps/apis/shared_sharepointonline","connectionName":"shared_sharepointonline","operationId":"PostItem"},"parameters":{"dataset":"@variables('HostSiteURL')","table":"ReservationReminder","item":{"Title":"Reminder for @{outputs('Get_Meeting_Item')?['body/Title']}","ReminderDate":"@{triggerBody()['date']}","MeetingListItemId":"@{triggerBody()?['entity']?['ID']}","ReminderStatus":{"Value":"Not Sent"},"SendReminderTo":{"Claims":"@{items('Apply_to_each')?['Mail']}"},"ReminderNotes":"@{triggerBody()?['text']}"}},"authentication":{"value":"@json(decodeBase64(triggerOutputs().headers['X-MS-APIM-Tokens']))['$ConnectionKey']","type":"Raw"}}},"Send_failure_email__-_Creation_of_tracking_failed":{"runAfter":{"Create_Reminder_Tracking_item":["Failed","TimedOut"]},"metadata":{"operationMetadataId":"45b52b92-ba1c-4ea5-9179-f661ffbac06e"},"type":"OpenApiConnection","inputs":{"host":{"apiId":"/providers/Microsoft.PowerApps/apis/shared_office365","connectionName":"shared_office365","operationId":"SendEmailV2"},"parameters":{"emailMessage/To":"@triggerOutputs()?['headers']?['x-ms-user-email']","emailMessage/Subject":"Flow Failure:@{workflow()?['tags']?['flowDisplayName']}","emailMessage/Body":"<p>Flow Action:Creation of reminder failed.<br>\n<br>\n@{variables('constLinkToWorkflowHistory')}</p>"},"authentication":{"value":"@json(decodeBase64(triggerOutputs().headers['X-MS-APIM-Tokens']))['$ConnectionKey']","type":"Raw"}}}},"runAfter":{},"else":{"actions":{"Send_failure_email__-_No_Display_Name":{"runAfter":{},"metadata":{"operationMetadataId":"45b52b92-ba1c-4ea5-9179-f661ffbac06e"},"type":"OpenApiConnection","inputs":{"host":{"apiId":"/providers/Microsoft.PowerApps/apis/shared_office365","connectionName":"shared_office365","operationId":"SendEmailV2"},"parameters":{"emailMessage/To":"@triggerOutputs()?['headers']?['x-ms-user-email']","emailMessage/Subject":"Flow Failure:@{workflow()?['tags']?['flowDisplayName']}","emailMessage/Body":"<p>Flow Action:Has Display Name<br>\n<br>\n@{variables('constLinkToWorkflowHistory')}</p>"},"authentication":{"value":"@json(decodeBase64(triggerOutputs().headers['X-MS-APIM-Tokens']))['$ConnectionKey']","type":"Raw"}}}}},"expression":{"not":{"equals":["@items('Apply_to_each')?['DisplayName']","@null"]}},"metadata":{"operationMetadataId":"2d4894e5-d83a-41ff-88c3-7fc3a8c54f9e"},"type":"If"}},"runAfter":{"Get_Reminder_Recipient_Email":["Succeeded"]},"metadata":{"operationMetadataId":"499640ec-08b9-4873-8fdb-052090e7ad2e"},"type":"Foreach"},"Send_Flow_Failure_Get_Reminder_Recipient_Email":{"runAfter":{"Get_Reminder_Recipient_Email":["Failed","TimedOut"]},"metadata":{"operationMetadataId":"0d70b7d7-2133-47c6-aaee-10fecb7330d5"},"type":"OpenApiConnection","inputs":{"host":{"apiId":"/providers/Microsoft.PowerApps/apis/shared_office365","connectionName":"shared_office365","operationId":"SendEmailV2"},"parameters":{"emailMessage/To":"@variables('FlowFailureAlertMail')","emailMessage/Subject":"Flow Failure:@{workflow()?['tags']?['flowDisplayName']}","emailMessage/Body":"<p>Failed Action:Get Reminder Recipient Email<br>\n@{variables('constLinkToWorkflowHistory')}</p>"},"authentication":{"value":"@json(decodeBase64(triggerOutputs().headers['X-MS-APIM-Tokens']))['$ConnectionKey']","type":"Raw"}}}},"runAfter":{"SendToHasSemicolon":["Succeeded"]},"metadata":{"operationMetadataId":"dfbe9e3e-71b0-4cbf-8fb1-a45094138196"},"type":"Foreach"},"Get_Meeting_Item":{"runAfter":{"Apply_to_each_2":["Succeeded"]},"metadata":{"operationMetadataId":"3b6aed53-c339-4951-a633-1f5754033373"},"type":"OpenApiConnection","inputs":{"host":{"apiId":"/providers/Microsoft.PowerApps/apis/shared_sharepointonline","connectionName":"shared_sharepointonline","operationId":"GetItem"},"parameters":{"dataset":"@variables('HostSiteURL')","table":"NewMeetingRequest","id":"@triggerBody()?['entity']?['ID']"},"authentication":{"value":"@json(decodeBase64(triggerOutputs().headers['X-MS-APIM-Tokens']))['$ConnectionKey']","type":"Raw"}}},"Get_Host_URL":{"runAfter":{"Initialize_variable":["Succeeded"]},"metadata":{"operationMetadataId":"bcd75e4a-b0c5-4c0e-bdec-63001a490f2d"},"type":"OpenApiConnection","inputs":{"host":{"apiId":"/providers/Microsoft.PowerApps/apis/shared_sharepointonline","connectionName":"shared_sharepointonline","operationId":"GetItems"},"parameters":{"dataset":"https://aacr615.sharepoint.com/sites/AACRConferenceCenter","table":"ConferenceCenterReservationRequestApprovalConfig","$top":5000},"authentication":{"value":"@json(decodeBase64(triggerOutputs().headers['X-MS-APIM-Tokens']))['$ConnectionKey']","type":"Raw"}}},"Initialize_HostSiteURL":{"runAfter":{},"metadata":{"operationMetadataId":"c26241ca-5291-4f14-a1ac-58d7a06f01f7"},"type":"InitializeVariable","inputs":{"variables":[{"name":"HostSiteURL","type":"string"}]}},"Initialize_FlowFailureAlertMail":{"runAfter":{"Initialize_HostSiteURL":["Succeeded"]},"metadata":{"operationMetadataId":"8e1230c4-bad8-468d-a1d6-f6fd8938a668"},"type":"InitializeVariable","inputs":{"variables":[{"name":"FlowFailureAlertMail","type":"string"}]}},"Set_HostSiteURL":{"runAfter":{"Filter_ErrorRecipientsData":["Succeeded"]},"metadata":{"operationMetadataId":"fa6de1a5-be68-4665-8a74-8f402a18ab36"},"type":"SetVariable","inputs":{"name":"HostSiteURL","value":"@{body('Filter_Host_URL')[0]['SText']}"}},"Set_constLinkToWorkflowHistory":{"runAfter":{"Set_HostSiteURL":["Succeeded"]},"metadata":{"operationMetadataId":"0d9ede43-bad8-4517-8e84-34516655e28a"},"type":"SetVariable","inputs":{"name":"constLinkToWorkflowHistory","value":"@{replace(replace(replace(body('Filter_constLinkToWorkflowHistoryData')[0]['HTMLText'], '@@environmentName@@', workflow()['tags']['environmentName']), '@@logicAppName@@', workflow()['tags']['logicAppName']), '@@name@@', workflow()['run']['name'])}"}},"Apply_to_each_2":{"foreach":"@body('Filter_ErrorRecipientsData')[0]['Person']","actions":{"Append_to_string_variable":{"runAfter":{},"metadata":{"operationMetadataId":"4024dc80-fa13-4f22-9db5-c232e5147588"},"type":"AppendToStringVariable","inputs":{"name":"FlowFailureAlertMail","value":"@{items('Apply_to_each_2')['Email']};"}}},"runAfter":{"Set_constLinkToWorkflowHistory":["Succeeded"]},"metadata":{"operationMetadataId":"657e945b-6fd6-4e5c-863d-fdf5177ba1dd"},"type":"Foreach"},"Filter_Host_URL":{"runAfter":{"Get_Host_URL":["Succeeded"]},"metadata":{"operationMetadataId":"538856ec-9b44-4752-940b-648359a03c79"},"type":"Query","inputs":{"from":"@outputs('Get_Host_URL')?['body/value']","where":"@equals(item()?['Title'], 'Host URL')"}},"Filter_constLinkToWorkflowHistoryData":{"runAfter":{"Filter_Host_URL":["Succeeded"]},"metadata":{"operationMetadataId":"2cbdd273-f1f6-4db2-88e8-a42686bb89d8"},"type":"Query","inputs":{"from":"@outputs('Get_Host_URL')?['body/value']","where":"@equals(item()?['Title'], 'constLinkToWorkflowHistory')"}},"Filter_ErrorRecipientsData":{"runAfter":{"Filter_constLinkToWorkflowHistoryData":["Succeeded"]},"metadata":{"operationMetadataId":"a973f01b-654a-4b57-8376-5e1e3f019439"},"type":"Query","inputs":{"from":"@outputs('Get_Host_URL')?['body/value']","where":"@equals(item()?['Title'], 'Error Recipients')"}}}},"connectionReferences":{"shared_sharepointonline":{"connectionName":"b7db2d287b464bf69ea135fc6945d56d","source":"Invoker","id":"/providers/Microsoft.PowerApps/apis/shared_sharepointonline","tier":"NotSpecified"},"shared_office365":{"connectionName":"706b4d9f897e4adeba9f349c55e80068","source":"Invoker","id":"/providers/Microsoft.PowerApps/apis/shared_office365","tier":"NotSpecified"},"shared_office365users":{"connectionName":"d99ccb086c964edd9b1c249bd7e0542d","source":"Invoker","id":"/providers/Microsoft.PowerApps/apis/shared_office365users","tier":"NotSpecified"}},"flowFailureAlertSubscribed":false,"isManaged":false}}