{"schemaVersion":"1.0","appDefinitionTemplate":{"id":"/providers/Microsoft.PowerApps/apps/","type":"Microsoft.PowerApps/apps","tags":{"primaryDeviceWidth":"1366","primaryDeviceHeight":"768","sienaVersion":"20240422T230839Z-3.24041.31.0","deviceCapabilities":"","supportsPortrait":"true","supportsLandscape":"true","primaryFormFactor":"Tablet","publisherVersion":"3.24041.31","minimumRequiredApiVersion":"2.2.0","hasComponent":"false","hasUnlockedComponent":"false","isUnifiedRootApp":"false","showStatusBar":"false","offlineLargeFilesSupport":"false"},"properties":{"appVersion":"2024-04-22T23:08:39Z","lifeCycleId":"Published","createdByClientVersion":{"major":3,"minor":24041,"build":31,"revision":0,"majorRevision":0,"minorRevision":0},"minClientVersion":{"major":3,"minor":24041,"build":31,"revision":0,"majorRevision":0,"minorRevision":0},"backgroundColor":"RGBA(0,176,240,1)","backgroundImageUri":"/14719639195837617461/N0c1e1370-8398-4525-8c2f-33e31dbf6189-logoSmallFile","displayName":"Conference Center Reservation Approval - ConfrRsrv","description":"","commitMessage":"","appUris":{"documentUri":{"value":"/14719639195837617461/Ncfbea727-e2f1-450d-a4ea-b692cfdfa019-document.msapp"},"imageUris":[],"additionalUris":[{"isSolutionAware":false,"value":"/14719639195837617461/N9c0f9116-c9c2-4a3a-ab57-cf19f867e62e-identity.json"}]},"createdTime":"0001-01-01T00:00:00Z","lastModifiedTime":"0001-01-01T00:00:00Z","sharedGroupsCount":0,"sharedUsersCount":0,"connectionReferences":{"a068c78a-6674-4ff2-b925-7319664a37ca":{"id":"0e29a7d3-4c21-4ed2-9622-62d7a80c1aae","displayName":"SharePoint","iconUri":"https://connectoricons-prod.azureedge.net/releases/v1.0.1682/1.0.1682.3676/sharepointonline/icon.png","dataSources":["Departments List","NewMeetingRequest","Meeting Contacts"],"dependencies":[],"dependents":[],"parameterHints":{},"parameterHintsV2":{},"isOnPremiseConnection":false,"bypassConsent":true,"dataSets":{"https://aacr615.sharepoint.com/sites/AACRConferenceCenter":{"dataSources":{"Departments List":{"tableName":"a899809b-7363-413b-b013-9ab5c486d753"},"NewMeetingRequest":{"tableName":"c1f59cd0-e381-4ace-8af8-f23c0538b3d6"},"Meeting Contacts":{"tableName":"a94be7fe-9dc6-4186-a9fc-0331743732be"}}}},"apiTier":"Standard","isCustomApiConnection":false,"actions":["providers/PowerPlatform.Governance/Operations/Read","providers/PowerPlatform.Governance/Operations/Write"]}},"databaseReferences":{},"almMode":"Environment","performanceOptimizationEnabled":true,"canConsumeAppPass":true,"enableModernRuntimeMode":false,"executionRestrictions":{"isTeamsOnly":false,"dataLossPreventionEvaluationResult":{"status":"Compliant","lastEvaluationDate":"2022-01-23T04:38:58.5507709Z","violations":[],"violationsByPolicy":[],"violationErrorMessage":"The app uses the following connectors: shared_sharepointonline."}}},"appType":"ClassicCanvasApp","appComponents":[]}}