{"__Version":"0.1","App":"a41fa116-869b-45f9-bb83-326fb12a31f2","Test_7F478737223C4B69":"eb4c32e9-902c-4af6-9bbd-cefc68f1323f","Host":"e7b949b7-61fb-4480-adad-0fad0db3843c","Dev":"6e81eb96-f60a-49da-87ec-82ad456c4da2","Button1":"2e6f54a9-3639-42c7-9be6-fa51c955235b","Button5":"0bc92a9a-5a6c-4812-9aad-6287f9a0b9ae","Label3":"1194abb5-6944-4029-a38a-e45c967ebe5e","Button1_1":"e8702412-f2ac-4605-8dfe-ef94de83a4b3","Button4":"f1eb93b6-49c9-4ef1-bb74-16e470bfdb5a","Button3":"9161770c-1acd-4870-bf39-77f8f68b4df3","Button2":"8af0833e-bafa-47e9-97eb-fba22c762c49","DatePicker1":"2c82fe7f-a522-4a3b-875d-6a4d39901c3d","Label1":"3e96b6f1-b2fa-405b-af93-cd38e60bff23","devSelectedRooms":"5e9c0fe9-85ee-4937-a08c-c18211d480e2","DataTable2":"307b71f1-0254-4fe6-bd2c-b28c8c5ac35f","devReseveredRooms":"281f9912-0b82-4317-83bf-4fe98cd6ff8b","devReservedRoomsValues":"6198122e-ce8f-4f71-9ab2-8a091fda373b","devSelectedRoomExist":"198c1312-be70-487e-b14e-6dba8040f616","devUpdateSelectedRooms":"f7d7e2b8-f1a9-41a7-981a-9698d46159fe","devDortCollection":"00cdaa39-81c7-4fcd-97b3-316db85c2551","devClearcolSelectedRooms":"79be32e0-bfd4-4d2e-b36f-f64a14072263","devLeadingChars":"ce5b622f-e68b-487b-9fdd-1347e4271dc3","devSortedCollection":"12bd0c32-47ac-4a3d-9c3b-cb175b3092c3","devTrimmedString":"cc400d17-3c27-4964-a156-b09f1e50f075","ScrnError":"ff03f75f-c5fe-44d6-b43c-bbb60979e866","iconCircle1_1":"6a1d0212-000b-4985-889d-2aa88881e6a7","iconX":"7a4086d9-ac6c-480e-a6a7-74078934406d","LblErrorMsg":"327539c5-c47d-4650-bef2-5338c294f4e8","ApprovalHelpDeskTicket_Button_1":"7ace5eb7-083f-4a92-8e69-2244eb83c59f","DataTable1":"943b5f5c-f0d8-4706-bf56-15f8e19589f0","Column":"fb8aaf1c-fc70-4e88-90fa-67f11a1681c3","Error":"0c070129-9b89-41a0-a3be-084218d4324d","Message":"e4b1f661-9dbc-4ad6-9b86-c5853fe66a5b","Record":"c0576ca7-01be-4b4a-8da2-d5886ab8cd80","ScrnSuccess":"5e1cb5b0-6378-4a60-9d8e-3ae282e3b41e","iconCircle2":"c3fdc9ee-ce6b-46f0-a53f-2b6ee2297603","iconCheck2":"83e77c5a-9215-4df6-9d62-e62accfb8e03","LblSuccessMsg2":"a739b463-1c71-4fe9-babd-9aae46b2de0b","Screen1":"2bbc6521-d966-4638-9fbb-5589cc5d65f3","Toggle1":"b718be88-3bab-4aa2-9f5d-604b37184080","Label4":"8f14fd90-9ada-4644-9c34-d65faa39dba8","Toggle2":"8d6cdfea-6b6b-45f2-80d9-e4911bba5995","Button6":"660e24b2-d6ad-4d40-9428-f5467c811f6a","Button8":"b1aaf63c-3bd2-49b2-a81e-a8603002edb4","ScrnApprovalMeetingRequest_1":"7421c50c-8128-4108-ba6f-8ad1ee22fc3d","frmApprovalMeetingRequest_1":"89dda169-4e67-412f-9a17-665e4ee1d43a","ApprovalReviewMeetingRequestScreenTitle_DataCard_1":"46977a31-7de5-4e65-90d3-528d2b42706f","ApprovalMeetingRequestScreenTitle_Label_1":"0ba3354b-5e8c-40cf-87e3-98977cd59937","ApprovalMeetingInformation_DataCard_1":"91a0de33-d31c-41dc-822c-2fa5107d879a","ApprovalMeetingInformation_Label_1":"680b37a9-cccd-42dd-a3c1-e201012be391","ApprovalMeetingStart_DataCard_1":"eaeb57c5-0d45-41b1-b29b-f3c3fec1c1bb","ApprovalMeetingStart_StarVisible_1":"613a7d7d-1e25-4b4d-8f3b-f69a5969a51e","ApprovalMeetingStart_DataCardKey_1":"191dba4c-f816-4496-8cfc-8c77007eb5d3","ApprovalMeetingStart_DateValue_1":"c710e139-7482-4b62-a11e-2cd56586efbb","ApprovalMeetingStart_Label_1":"ed620196-0423-4272-9b69-20f5ad0dc22d","ApprovalMeetingStart_HourValue_1":"1ac67a92-dcc3-4003-936e-a401daf7cb4c","ApprovalMeetingStart_Separator_1":"2830dde6-3d34-4f76-adb6-d260e1e45993","ApprovalMeetingStart_MinuteValue_1":"65960707-6725-4032-915d-94ee5d5a0f17","ApprovalMeetingStart_ErrorMessage_1":"4633d309-6562-4dc8-befd-49aa595ed7d0","ApprovalMeetingAdjourn_DataCard_1":"0162430e-e901-477f-b6ae-e0ae1caf358d","ApprovalMeetingAdjourn_StarVisible_1":"5a930cd0-83a9-4df3-972e-74afbc3128b1","ApprovalMeetingAdjourn_DataCardKey_2":"c22ee2bf-2284-4619-8662-4c4cc61489f7","ApprovalMeetingAdjourn_DateValue_1":"66618ac1-9069-45f2-86ba-ea6fd8662acc","ApprovalMeetingAdjourn_Label_2":"5bc6eb6a-e050-4ef6-ab64-21968d890bb2","ApprovalMeetingAdjourn_HourValue_1":"27fd5e8a-c1da-48c6-81a8-9206b09eaa6e","ApprovalMeetingAdjourn_Separator_1":"c9908c65-6120-405e-978c-de9e6a8d4d58","ApprovalMeetingAdjourn_MinuteValue_1":"8ddee075-989a-4401-b73b-ec4f9dfa244f","ApprovalMeetingAdjourn_ErrorMessage_1":"0016e7bc-4c2b-4b0e-b2c4-bac2b281eace","ApprovalAttendeeCount_DataCard_1":"6567d632-e816-4a0b-b236-81d6f2e21409","ApprovalMeetingAdjourn_DataCardKey_3":"7a9e717f-f1c5-4b9a-a094-89de2da0f8ae","ApprovalMeetingAdjourn_Label_3":"4a2f2c5d-3d1a-42ed-a72e-751bf5247f86","ApprovalContinueThroughTheWeekend_DataCard_1":"6a6c862e-4d37-4edc-bc23-1598a22bf9b4","ApprovalContinueThroughTheWeekend_StarVisible_1":"7341e943-494e-42f8-9bc9-cf5475c8e3fa","ApprovalContinueThroughTheWeekend_DataCardKey_1":"cf6df66f-4f00-41d1-8aca-6c57e47e6c5b","ApprovalContinueThroughTheWeekend_DataCardValue_1":"9a186c02-7b6c-4f44-a53a-7fde8a55999f","ApprovalContinueThroughTheWeekend_ErrorMessage_1":"f7616d4a-9068-4351-b48d-eb92b4b08220","ApprovallFoodAndBeverageHeader_1":"f48ccabc-28bc-4f24-a023-d41bb77a8f51","ApprovallFoodAndBeverageHeader_Label_1":"7611efc6-9149-486b-8c01-b213d379d488","ApprovalBreakfastServed_DataCard_1":"261e99d4-3511-4373-88bc-8b54a8ebed4e","ApprovalBreakfastServed_StarVisible_1":"b1e9452c-b570-4588-b9d4-4aef54029ca3","ApprovalBreakfastServed_DataCardKey_1":"709745fc-6920-4c45-83aa-fdc41544fc3d","ApprovalBreakfastServed_DataCardValue_1":"0bc1e7fa-50f4-465a-b53e-b76f711b10fa","ApprovalBreakfastServed_ErrorMessage_1":"b7b112de-41d9-4964-8101-9c38ea6db28c","ApprovalBreakfastTime_DataCard_1":"84cfee48-f118-448f-9988-47c2aac302a3","ApprovalBreakfastTime_StarVisible_1":"6ead353a-c0be-4797-a064-2fcf37450c69","ApprovalBreakfastTime_DataCardKey_1":"bd5574ee-d729-46f9-a6aa-63516c27f407","ApprovalBreakfastTime_DataCardValue_1":"60420543-8444-4344-a40e-7ee9e6084c0f","ApprovalBreakfastTime_ErrorMessage_1":"80f42009-90dd-4f9e-98be-5cab200e2797","ApprovalLunchServed_DataCard_1":"ad19e4ce-d157-492c-a2ea-8f225be787ba","ApprovalLunchServed_StarVisible_1":"d7a6184a-815e-42d0-bcf7-da300de4c25b","ApprovalLunchServed_DataCardKey_1":"ffb45f58-1d15-46d9-ab24-4cd04bd73ae6","ApprovalLunchServed_DataCardValue_1":"447449f4-5047-4903-99cc-6479edd28f34","ApprovalLunchServed_ErrorMessage_1":"e7ad5fcf-636a-4765-a81d-13bc9d30ca1b","ApprovalLunchTime_DataCard_1":"c10c2c27-d5e3-4ba5-b4d6-7c3c474cd582","ApprovalLunchTime_StarVisible_1":"4d69ffc7-f7cc-46e1-b3d5-0a2349aaec13","ApprovalLunchTime_DataCardKey_1":"355f1e0c-87c4-48c7-84f3-0d839fb2e27a","ApprovalLunchTime_DataCardValue_1":"2e238208-9449-46ac-962e-47daa15326ac","ApprovalLunchTime_ErrorMessage_1":"e7607c84-1bd7-4cc1-8506-002eed966c7a","ApprovalSpecialDietaryNeeds_DataCard_1":"9554d805-0c12-4e92-92f9-a3b25b710c69","ApprovalSpecialDietaryNeeds_StarVisible_1":"b69880c6-f6b9-46bd-b4ac-6b8221d9b050","ApprovalSpecialDietaryNeeds_DataCardKey_1":"958a477e-5ae7-4f77-b32f-4b3b0ad0d7c7","ApprovalSpecialDietaryNeeds_DataCardValue_1":"bacb0f1f-cc7c-4cfa-a162-b29b958f8964","ApprovalSpecialDietaryNeeds_ErrorMessage_1":"85bafaf8-83a0-486b-8666-193fcf532847","ApprovalPreferredRoomSetUpHeader_DataCard_1":"22a17cb9-b3c5-4e13-b5e4-ab006473e0df","ApprovalPreferredRoomSetUpHeader_Label_1":"ab7264a1-3332-4d30-b97c-9ffad4ed5a81","ApprovalRoomSetUpPreference_DataCard_1":"55db7a32-7fac-499c-b343-332bf5e5fd01","ApprovalRoomSetUpPreference_StarVisible_1":"ee7d78cf-367c-47b4-97ae-d520ed561cfe","ApprovalRoomSetUpPreference_DataCardKey_1":"1f0b7423-a2be-47a7-9601-b5733d2b5921","ApprovalRoomSetUpPreference_DataCardValue_1":"eb36460f-763c-4cd2-8cc3-3bc9394d1aa3","ApprovalRoomSetUpPreference_ErrorMessage_1":"0a973aeb-b523-4205-83bf-f512aa0b9c7c","ApprovalTechnicalNeedsHeader_DataCard_1":"89cfc215-8364-4439-a7e3-e1deb36eec0e","ApprovalTechnicalNeedsHeader_Label_1":"45217237-779a-4433-b8e0-eb177e2a14e9","ApprovalPodium_DataCard_1":"193cfb33-f371-4053-b123-6435931310d0","ApprovalPodium_StarVisible_1":"67019be6-3f89-4bfb-8e7b-3d4d0fec235f","ApprovalPodium_DataCardKey_1":"756b7f7a-e9df-4be1-9741-f9828d47191a","ApprovalPodium_DataCardValue_1":"994485a2-b9da-4bd1-bc0d-384ba13b0f07","ApprovalPodium_ErrorMessage_1":"e93c39b6-c023-45ec-8694-6d81b098988f","ApprovalPodiumMicrophone_DataCard_1":"d1920539-568b-43cf-a93a-78317573de7c","ApprovalPodiumMicrophone_StarVisible_1":"36088b0d-1dd2-4324-91ab-2a1538464428","ApprovalPodiumMicrophone_DataCardKey_1":"5209c1ca-bb80-4d5d-b19b-a5dd7d26e370","ApprovalPodiumMicrophone_DataCardValue_1":"059c77e5-5917-4477-94cd-24e194973f6d","ApprovalPodiumMicrophone_ErrorMessage_1":"4ca16327-71e6-4f36-91f0-eb55f39de1a7","ApprovalPodiumLaptop_DataCard_1":"68a231a6-abc6-48fb-becb-63c79a78bd1e","ApprovalPodiumLaptop_StarVisible_1":"ad9009d4-edcc-4e76-a192-9c3c4976040c","ApprovalPodiumLaptop_DataCardKey_1":"c7326ea9-3490-4cb7-a321-5e9ff79862c5","ApprovalPodiumLaptop_DataCardValue_1":"1ca11d4a-302f-4606-8f0a-51feb189d6c6","ApprovalPodiumLaptop_ErrorMessage_1":"68025bd7-7b76-485e-ac3b-9ea3d6fb1ce0","ApprovalInstructionsForPodiumLaptop_DataCard_1":"57d8fb7a-174b-47fa-a465-61c1763a546e","ApprovalInstructionsForPodiumLaptop_StarVisible_1":"e383bf01-85fb-434f-be9d-057b98c89a28","ApprovalInstructionsForPodiumLaptop_DataCardKey_1":"0d584d54-a2d7-4be0-a289-e823b18f431e","ApprovalInstructionsForPodiumLaptop_DataCardValue_1":"76a216b0-ad22-4b22-9086-dc510318ef5d","ApprovalInstructionsForPodiumLaptop_ErrorMessage_1":"48b70158-4265-4530-84d7-c3dff1ddf78c","ApprovalMicrophone_DataCard_1":"50b5332f-608c-49d8-b6b7-680bee175967","ApprovalMicrophone_StarVisible_1":"de271213-05c7-49c2-ab7f-18268098cf3b","ApprovalMicrophone_DataCardKey_1":"10593e19-1bc7-4d33-879f-1c9df3afa501","ApprovalMicrophone_DataCardValue_1":"9eec9855-236f-4350-a240-d5d29bf495ef","ApprovalMicrophone_ErrorMessage_1":"8562293a-dd4f-4337-8511-f42961cc3d1e","ApprovalMicrophoneType_DataCard_1":"0e9a6baf-ec96-4051-b877-3f2d132d9b57","ApprovalMicrophoneType_StarVisible_1":"52e87d4d-e5d0-4703-9dc3-77ac24c41994","ApprovalMicrophoneType_DataCardKey_1":"f322a916-16b8-4b28-b107-6f931acbb8d8","ApprovalMicrophoneType_DataCardValue_1":"897064fa-32e8-4b83-beb5-4def18d3dd32","ApprovalMicrophoneType_ErrorMessage_1":"9570a720-4140-4f33-9194-8c2b417af727","ApprovalPushToTalkMicrophones_DataCard_1":"568879f5-6092-4786-8f50-91bd96a3d430","ApprovalPushToTalkMicrophones_StarVisible_1":"cf31f3c0-f07c-4f03-8572-2d65b0cccc02","ApprovalPushToTalkMicrophones_DataCardKey_1":"b697e9f0-0389-48bc-81d7-585d49b6abf9","ApprovalPushToTalkMicrophones_DataCardValue_1":"6df25541-15f1-47f6-bc47-849aee39aa40","ApprovalPushToTalkMicrophones_ErrorMessage_1":"455deb56-802c-460e-8979-4b7041374166","ApprovalNumOfPTTMics_DataCard_1":"bcf6b3e7-ea3b-49c1-8122-a02803dbc595","ApprovalNumOfPTTMics_StarVisible_1":"0edb1c95-1b8a-4ef7-a568-90cfbc75dd67","ApprovalNumOfPTTMics_DataCardKey_1":"441cb2aa-4c01-42d3-b69e-df2b62d78cb9","ApprovalNumOfPTTMics_DataCardValue_1":"91e632fb-27af-4210-88ce-e33b09724b05","ApprovalNumOfPTTMics_ErrorMessage_1":"aa30cc54-6488-447a-bc83-be7909ec21e6","ApprovalInRoomTechnician_DataCard_1":"89b56688-cc07-40ef-ba8d-3ba974e72d0e","ApprovalInRoomTechnician_StarVisible_1":"51d5341c-7618-4f6a-b77d-8dde468ffaf2","ApprovalInRoomTechnician_DataCardKey_1":"f32be91d-a1d6-4129-89f9-b3bebfa376b2","ApprovalInRoomTechnician_DataCardValue_1":"42f446e0-4ba3-4ac8-90a3-5188b9365b01","ApprovalInRoomTechnician_ErrorMessage_1":"58e480b2-3c26-478d-b1b3-fc211b1ca27d","ApprovalLaptops_DataCard_1":"b3425b92-d9cd-487a-91a6-30aca96d7c13","ApprovalLaptops_StarVisible_1":"079df8f0-c532-4f53-9433-38dcd0442075","ApprovalLaptops_DataCardKey_1":"d96cba98-0be1-4ba0-9a69-270af2d2b424","ApprovalLaptops_DataCardValue_1":"21b8fa5f-f106-4cf7-b9ac-2832ddac2f86","ApprovalLaptops_ErrorMessage_1":"c8781499-7b4d-46e9-8fc1-e3423c9b0679","ApprovalNumOfLaptopsNeeded_DataCard_1":"e9d3b401-3191-43b0-b93c-1e8a9edd30cc","ApprovalNumOfLaptopsNeeded_StarVisible_1":"cb52a315-c094-419a-a086-03b968b4c22f","ApprovalNumOfLaptopsNeeded_DataCardKey_1":"86366d7d-9e4f-4b62-9d9d-641bd15fb679","ApprovalNumOfLaptopsNeeded_DataCardValue_1":"f6affc14-1df0-4e29-9fba-f89458b04843","ApprovalNumOfLaptopsNeeded_ErrorMessage_1":"b4f9680f-39b9-4517-9875-18a6ac24872d","ApprovalIncludeMice_DataCard_1":"f65853a9-763a-4d9e-966c-415246f030de","ApprovalIncludeMice_StarVisible_1":"e2b12e08-3ec8-403e-8bde-fb26b14a73d7","ApprovalIncludeMice_DataCardKey_1":"41b027fe-8600-458c-8a00-193bb34f7d16","ApprovalIncludeMice_DataCardValue_1":"1ec5fe71-f63c-46d5-a61d-ea6d0bc09491","ApprovalIncludeMice_ErrorMessage_1":"077dadf8-eee8-44e3-851d-582d931d3e80","ApprovalSpecialNeedsForLaptopSetup_DataCard_1":"4f0c2af2-9e36-42be-982d-f87164ea701c","ApprovalSpecialNeedsForLaptopSetup_StarVisible_1":"184283ad-b42a-43b9-a08f-09b75454f5a0","ApprovalSpecialNeedsForLaptopSetup_DataCardKey_1":"c356c137-fda8-4609-bb0d-fb9442fd5f09","ApprovalSpecialNeedsForLaptopSetup_DataCardValue_1":"a4af5863-3869-48a6-aa38-14bc9d46144f","ApprovalSpecialNeedsForLaptopSetup_ErrorMessage_1":"9191678e-1af2-4565-967f-5cabd81ea383","ApprovalThumbdrives_DataCard_1":"77996579-74ce-4521-9270-a2b29bbf7aae","ApprovalThumbdrives_StarVisible_1":"0cbe68d7-b6c9-4b06-8c1d-76b67a1f9dc5","ApprovalThumbdrives_DataCardKey_1":"22caaa4c-42eb-41b4-a686-321bcf99dfe1","ApprovalThumbdrives_DataCardValue_1":"cc0dfc25-fc6e-4e39-8140-01adaf8e005d","ApprovalThumbdrives_ErrorMessage_1":"03917c5f-ea74-4939-a599-fa21c53ca915","ApprovalNumThumdrivesNeeded_DataCard_1":"0073a224-3471-415f-835c-3f96d7b36739","ApprovalNumThumdrivesNeeded_StarVisible_1":"a673343f-3444-4544-aaa9-7d14ea01fd36","ApprovalNumThumdrivesNeeded_DataCardKey_1":"c7b3253c-a8fd-4f35-bb57-6629e8c13b8f","ApprovalNumThumdrivesNeeded_DataCardValue_1":"4b880bfd-03b5-49e6-a419-d52d0a9823c3","ApprovalNumThumdrivesNeeded_ErrorMessage_1":"1b46988d-42ad-42db-aa18-86bfd0495ae3","ApprovalSpecialNeedsRelatedToThumbdrives_DataCard_1":"fa478683-7a72-4bf9-92cb-fae94ac78d3a","ApprovalSpecialNeedsRelatedToThumbdrives_StarVisible_1":"7605c3a7-ce80-4e13-86e4-b154866d4028","ApprovalSpecialNeedsRelatedToThumbdrives_DataCardKey_1":"e00329ff-7a07-4b83-bd42-97042b5f85be","ApprovalSpecialNeedsRelatedToThumbdrives_DataCardValue_1":"cc695c45-f895-482b-8322-a96676787721","ApprovalSpecialNeedsRelatedToThumbdrives_ErrorMessage_1":"34319ed0-9bc6-49b3-9d8b-d1dbd70617f1","ApprovalLCDProjector_DataCard_1":"34b77f69-bcc8-42fa-bd33-e4f477198dfc","ApprovalLCDProjector_StarVisible_1":"1f7ddf8d-4e63-47ee-b25c-98c3aa2720bd","ApprovalLCDProjector_DataCardKey_1":"9dbbe027-16ce-40ec-9158-dbc904554d95","ApprovalLCDProjector_DataCardValue_1":"ca54225e-e36c-49a0-a12e-0b489fe0b96f","ApprovalLCDProjector_ErrorMessage_1":"4de09fee-4a28-40f2-9d5b-638e10d334cb","ApprovalLaserPointers_DataCard_1":"1e010899-e645-4f0c-b44c-8ad6024da67a","ApprovalLaserPointers_StarVisible_1":"a41a97d0-b6c6-483d-a84c-7c90e75a8029","ApprovalLaserPointers_DataCardKey_1":"5bdb4a1a-4073-4a0e-b05e-c98258a97022","ApprovalLaserPointers_DataCardValue_1":"b8baaa4b-6b04-4aed-9c75-7657ddd90755","ApprovalLaserPointers_ErrorMessage_1":"cc30bffd-be22-4ab1-9e89-3d4a34ecc066","ApprovalRecordMeeting_DataCard_1":"5b9d570a-a59d-4def-9a8a-ac867b9a14af","ApprovalRecordMeeting_StarVisible_1":"dc60248b-361b-4263-ae5a-6afc446dc683","ApprovalRecordMeeting_DataCardKey_1":"31145a8c-bbe3-4c2d-b8d4-abf9a6d46c7a","ApprovalRecordMeeting_DataCardValue_1":"e41d19f6-40b4-4ca0-872b-e1a1a0658b41","ApprovalRecordMeeting_ErrorMessage_1":"135ea632-e710-4023-998a-2907d747c1bc","ApprovalRecordingType_DataCard_1":"36fd3575-806c-4316-9b52-3a8b36ee4999","ApprovalRecordingType_StarVisible_1":"85d3b4fc-f13c-41fa-b179-b77e8f3b98eb","ApprovalRecordingType_DataCardKey_1":"09ae1ce1-5d31-43b2-9460-a2fb5f2ba4fa","ApprovalRecordingType_DataCardValue_1":"377f2ceb-3a0d-4482-aa86-98b6e2433370","ApprovalRecordingType_ErrorMessage_1":"a397c9db-edaf-4152-bbad-199cd3141011","ApprovalVIPParticipantsHeader_DataCard_1":"238d6e4e-2da9-4b6b-b1a1-fb19bfc62622","ApprovalVIPParticipantsHeader_Label_1":"7a3fc07c-0374-46b2-bba8-c409831b6241","ApprovalCEO_DataCard_1":"9be8e6b9-c025-4b52-9b47-08b07074bcdd","ApprovalCEO_StarVisible_1":"2ed7ffd4-5a4c-424a-b306-a277914d2b2e","ApprovalCEO_DataCardKey_1":"cb7ad772-d855-4eb9-9df1-4b572afc136e","ApprovalCEO_DataCardValue_1":"80071c15-93c1-4421-b460-503b1c92f957","ApprovalCEO_ErrorMessage_1":"1e2d174e-eec3-4a6d-9bbd-f059576c6363","ApprovalCurrentAACRPresident_DataCard_1":"ebfb952f-585c-499e-bc05-874b8a64abae","ApprovalCurrentAACRPresident_StarVisible_1":"8b8bdcc6-f10e-4190-83d6-c7a2aa1959b0","ApprovalCurrentAACRPresident_DataCardKey_1":"4f046dcf-dbfd-477e-978e-fe5c6c37c5a2","ApprovalCurrentAACRPresident_DataCardValue_1":"cdb5387a-3af2-4225-add5-981b61757a1c","ApprovalCurrentAACRPresident_ErrorMessage_1":"603d5380-2800-4d63-a52c-c3b8386dd9ca","ApprovalCurrentAACRPresidentElect_DataCard_1":"a6384b63-ca84-4338-a023-d6ca2f5f1051","ApprovalCurrentAACRPresidentElect_StarVisible_1":"5b6c9912-0ff0-4123-bc92-fa42bf65f46f","ApprovalCurrentAACRPresidentElect_DataCardKey_1":"843ba9a0-416a-4071-9900-f90bffee541a","ApprovalCurrentAACRPresidentElect_DataCardValue_1":"ac162bb6-99da-410f-9e03-fbccf164dcf1","ApprovalCurrentAACRPresidentElect_ErrorMessage_1":"bee38bac-ffbc-467f-b8fa-3e83524efc7d","ApprovalVIP1_DataCard_1":"0026dbe8-8ff6-42fd-9b0f-df969a349b3f","ApprovalVIP1_StarVisible_1":"7e8fd15f-f935-4e9c-9cde-3a7a62225800","ApprovalVIP1_DataCardKey_1":"920636ce-6138-4db9-a428-3f06329be4ad","ApprovalVIP1_DataCardValue_1":"fdf04a21-f0ff-49de-be29-69f91709198e","ApprovalVIP1_ErrorMessage_1":"4c8e3b4f-b347-441f-ad06-a7626613da24","ApprovalVIP2_DataCard_1":"812a1dcf-8520-4db6-b323-e2718994d492","ApprovalVIP2_StarVisible_1":"7d99fbd4-9c19-48d4-8d33-c639b4180bbd","ApprovalVIP2_DataCardKey_1":"cc812964-c2c8-4411-a428-c27e9f935733","ApprovalVIP2_DataCardValue_1":"4c84b10b-4fed-4757-93bd-ffef1cfbb06e","ApprovalVIP2_ErrorMessage_1":"3dc51b3e-5f75-4d3f-8453-c05417d74d7d","ApprovalVIP3_DataCard_1":"6164c54a-9414-40d0-b986-e781838c413b","ApprovalVIP3_StarVisible_1":"6ae0faa2-3c6b-402f-9740-499082734b63","ApprovalVIP3_DataCardKey_1":"536d4684-3b7a-4871-9a5d-7f88db965c07","ApprovalVIP3_DataCardValue_1":"73063aa9-dc5f-453e-bc65-12f29dda5fd2","ApprovalVIP3_ErrorMessage_1":"f44aa733-4c40-4374-8f5b-1f2b0c998a9f","ApprovalVIP4_DataCard_1":"45651d61-cb50-4f31-8d6d-d2fd98e4f381","ApprovalVIP4_StarVisible_1":"40d5aa91-06fb-47be-8beb-3a1da24d8fc1","ApprovalVIP4_DataCardKey_1":"c3ee9067-9ac5-4060-86dd-38e6d33cdf03","ApprovalVIP4_DataCardValue_1":"b8f1396b-6f67-424c-96d3-c79c1b474229","ApprovalVIP4_ErrorMessage_1":"6c9f4d3f-6d09-4cf0-a11a-dd930a20b917","ApprovaStatusHeader_DataCard_1":"f14bc4ee-99bf-450b-9f55-8e59fffec4fe","ApprovaStatusHeader_Label_1":"7969f8f4-427a-449e-9332-d9633c7958c5","ApprovalStatus_DataCard_1":"c7201f20-b722-4b55-9ca3-483b32132ee8","ApprovalStatus_StarVisible_1":"57ad5f70-0956-40f1-b48e-316409935db4","ApprovalStatus_DataCardKey_1":"05f11775-2f7c-47f7-824b-481e7810cf2a","ApprovalStatus_DataCardValue_1":"945a405b-36b9-4a11-975d-1ba8206917ac","ApprovalStatus_ErrorMessage_1":"0a4e4488-7f11-4727-b67a-3aae901f5457","ApprovalStatusNotes_DataCard_1":"c8299825-097d-4db0-8dd0-6bf24a467744","ApprovalStatusNotes_StarVisible_1":"0845ab41-2da3-44c4-9e4d-30321d06e7c0","ApprovalStatusNotes_DataCardKey_1":"ea6cecf5-a4ea-41ae-bcfe-748a9fa74afa","ApprovalStatusNotes_DataCardValue_1":"84ebf9b3-f3b0-43aa-8c98-cabe358973be","ApprovalStatusNotes_ErrorMessage_1":"68a7f951-2f8a-4445-8a23-5acc4f48debc","ApprovalMeetingContactsHeader_DataCard_1":"34914ef7-9b36-4f5b-9560-c7264d2735df","ApprovalMeetingContactsHeader_Label_1":"f506c0b9-ba7b-4f14-b6f7-855eb9ed2c58","ApprovalPrimaryMeetingContact_DataCard_1":"43ae2d01-9bd9-4933-b151-ef3610736847","ApprovalPrimaryMeetingContact_StarVisible_1":"bf29cc9a-3ff2-421c-b9af-894cc4ab4084","ApprovalPrimaryMeetingContact_DataCardKey_1":"5f17e3f2-261e-42e7-b3d2-094fe1637a5e","ApprovalPrimaryMeetingContact_DataCardValue_1":"906c9599-312e-42dd-b828-e4beeba2390d","ApprovalPrimaryMeetingContact_ComboBox_1":"4bc15f9f-ff7c-4889-aa05-e0bf1ddd5cd2","ApprovalPrimaryMeetingContact_ErrorMessage_1":"4b1ee2e6-0b7e-4ca2-abb3-608a8edfec4f","ApprovalRoomAssignmentsHeader_DataCard_1":"dd0bb35a-b789-4725-8762-4c9f2a217ec5","ApprovalRoomAssignmentsHeader_Label_1":"860dbb59-2a70-445e-8e90-f81de6225261","ApprovalConferenceRoomAB_DataCard_1":"90444ce8-7f9a-46b3-9542-cf0140ef1fe9","varApprovalConferenceRoomABFormulas":"f281e1fa-be5e-466b-90f8-9297d532c0c4","ApprovalConferenceRoomAB_StarVisible_1":"c7e3c0b6-4e44-49df-949e-ec931cd0e35d","ApprovalConferenceRoomAB_DataCardKey_1":"79d7d032-91ca-4115-93fc-659ad8c7a8e0","Label2":"289816ca-1629-4013-9e21-29493470f6a1","ApprovalConferenceRoomAB_DataCardValue_1":"b44549bf-fd92-41d5-b990-71b0791b06eb","ApprovalConferenceRoomAB_ErrorMessage_1":"20fd2fd7-18ed-42d4-a1f2-e44c13edd60e","ApprovalConferenceRoomABStart_DataCard_1":"8bab48f2-1737-4ec2-aee9-49f27a7a6806","ApprovalConferenceRoomABStart_StarVisible_1":"b5fe147a-9a02-47f0-8f2a-1942fb68d6c3","ApprovalConferenceRoomABStart_DataCardKey_1":"39b95c56-a5a3-459f-bb5a-1d05e26b9b13","ApprovalConferenceRoomABStart_DateValue_1":"c8caf469-d013-49ac-a23e-a61861475649","ApprovalConferenceRoomABStart_HourValue_1":"e732bd37-4a0d-49e9-8fc9-7f55b6ca97e0","ApprovalConferenceRoomABStart_Separator_1":"05c96438-6363-44bd-83d8-ab3a92539d5a","ApprovalConferenceRoomABStart_MinuteValue_1":"759ec773-f5fc-4424-aa24-59f55a367eeb","ApprovalABStart_Dropdown_1":"1fb3e091-cf7e-4e1c-80b8-3cb048998da4","ApprovalConferenceRoomABStart_ErrorMessage_1":"bc3f891f-1866-4eae-aef7-abe9fee044ce","ApprovalConferenceRoomABEnd_DataCard_1":"926ce060-df72-48e2-8d35-fcf3d7fe4140","ApprovalConferenceRoomABEnd_StarVisible_1":"ebbe8367-7046-4519-8494-5eebc6b2d249","ApprovalConferenceRoomABEnd_DataCardKey_1":"9c2647fd-c282-4011-81a5-9eb526dcc2ee","ApprovalABEND_Dropdown_1":"4d3a6e11-6fc9-4365-9fe8-ac8a2b466a42","ApprovalConferenceRoomABEnd_DateValue_1":"4d8448ce-8e0c-4f27-bb7c-1f2ccc032666","ApprovalConferenceRoomABEnd_HourValue_1":"6fba5e63-1d48-4177-853a-fba00ff6e6af","ApprovalConferenceRoomABEnd_Separator_1":"cb5f38fc-1288-4f8e-b752-3ef61c592efe","ApprovalConferenceRoomABEnd_MinuteValue_1":"57489527-76fa-456b-944e-6a7849ab9989","ApprovalConferenceRoomABEnd_ErrorMessage_1":"214ede27-415e-4053-b528-2055f962abfb","ApprovalConferenceRoomC_DataCard_1":"c516f13b-10c8-4f77-a20d-3815a8ba5ed7","varApprovalConferenceRoomCFormulas":"138f05c2-4796-4ba1-8a8e-4dfb37a192a1","ApprovalConferenceRoomC_StarVisible_1":"e26c91a5-2f65-4701-b9c3-5c735fa06f51","ApprovalConferenceRoomC_DataCardKey_1":"9a303628-7e0b-4e4f-b30b-3819fd7b5ac5","ApprovalConferenceRoomC_DataCardValue_1":"ab48d895-579a-4387-aa10-b0d85d68cce2","ApprovalConferenceRoomC_ErrorMessage_1":"b8403b0e-feef-418c-8a79-7e27fbfad9d3","ApprovalConferenceRoomCStart_DataCard_1":"b1b53ec2-b5b2-4c47-8691-59c34c740ae9","ApprovalConferenceRoomCStart_StarVisible_1":"8173a8f6-1bd8-4669-a4d7-84c22c8918f5","ApprovalConferenceRoomCStart_DataCardKey_1":"90dc6028-f12d-4788-bff8-1a678c791489","ApprovalConferenceRoomCStart_dropdown_1":"b557b22e-be44-4a1b-8a92-f1484908253e","ApprovalConferenceRoomCStart_DateValue_1":"d6eb9895-6b67-4ed5-847e-de828254fc5b","ApprovalConferenceRoomCStart_HourValue_1":"7d1892e1-5f22-4324-a7ce-72ce6045055c","ApprovalConferenceRoomCStart_MinuteValue_1":"26df7e54-c16e-48e7-a034-cb3dfbf58f8f","ApprovalConferenceRoomCStart_ErrorMessage_1":"475d97c7-ed21-4dd5-90a4-78488fca8d18","ApprovalConferenceRoomCEnd_DataCard_1":"de9a9eed-56ba-48c1-9922-8f828ae43438","ApprovalConferenceRoomCEnd_StarVisible_1":"31d39ff5-8f3c-4a25-92e3-2172dd0ee68e","ApprovalConferenceRoomCEnd_DataCardKey_1":"4c372495-ec6f-4064-acee-48847b6064ad","ApprovalConferenceRoomCEnd_Dropdown_1":"8b472782-6f3a-4d4f-a6f9-6a5c3ccd9304","ApprovalConferenceRoomCEnd_DateValue_1":"6723fd85-25c4-4359-954d-a04d641e876a","ApprovalConferenceRoomCEnd_HourValue_1":"d00a0807-766f-4cf7-a000-65f10bed1b67","ApprovalConferenceRoomCEnd_Separator_1":"10faadbb-3bdd-440a-92a4-595cb92bab77","ApprovalConferenceRoomCEnd_MinuteValue_1":"473f77bb-fa49-43f1-85e7-b3eb59f261c4","ApprovalConferenceRoomCEnd_ErrorMessage_1":"f7aa3c82-c179-447b-87bf-bd2d86dc01cb","ApprovalConferenceRoomD_DataCard_1":"715e9feb-49b7-4f38-84bd-e6e760357ce8","ApprovalConferenceRoomD_StarVisible_1":"c78cc8d0-be77-4fcb-bd28-e0a97fa02060","ApprovalConferenceRoomD_DataCardKey_1":"520ea778-5491-4c8e-b3a1-7e5c1574ff22","varApprovalConferenceRoomDFormulas":"e31a7789-994c-41c9-90cd-15c360605875","ApprovalConferenceRoomD_DataCardValue_1":"2646fa17-5abf-4484-9db0-761b2e9d060e","ApprovalConferenceRoomD_ErrorMessage_1":"89607634-9801-46cb-b4c3-b90e5b1bce46","ApprovalConferenceRoomDStart_DataCard_1":"0f76e86e-c114-44db-b301-9567429b1767","ApprovalConferenceRoomDStart_StarVisible_1":"171d3e91-84cc-4f24-bd42-4288da0f6053","ApprovalConferenceRoomDStart_DataCardKey_1":"4a9404d6-9413-4b12-87eb-e2ecb4471766","ApprovalConferenceRoomDStart_DateValue_1":"9287422c-705f-4a3e-8eb7-990b83de63ed","ApprovalConferenceRoomDStart_HourValue_1":"6aa5bc25-93e3-4c9d-8bd4-61b705ae5809","ApprovalConferenceRoomDStart_Separator_1":"bb52ac51-5b02-4d57-9f49-d5c650daecdb","ApprovalConferenceRoomDStart_MinuteValue_1":"ec93da5f-8999-4cee-b1fb-2c00d92ee3a1","ApprovalConferenceRoomDStart_Dropdown_1":"a654a742-82c2-45d5-a730-c54568ec9288","ApprovalConferenceRoomDStart_ErrorMessage_1":"4d525ede-768e-4345-a9e2-12396a9a4898","ApprovalConferenceRoomDEnd_DataCard_1":"27648157-b730-48f3-b68d-a48ba89adda4","ApprovalConferenceRoomDEnd_StarVisible_1":"9909fa55-0c67-4f03-b85b-04777b60670d","ApprovalConferenceRoomDEnd_DataCardKey_1":"fe151848-50d3-45a9-9e1f-72280b802fba","ApprovalConferenceRoomDEnd_Dropdown_1":"ac8df0d6-7900-4f7c-9434-8f45a282661e","ApprovalConferenceRoomDEnd_DateValue_1":"77b6b68c-0bd0-48a2-9397-e320790b2f4f","ApprovalConferenceRoomDEnd_HourValue_1":"fd875739-1f5a-4f17-a893-a291b6834912","ApprovalConferenceRoomDEnd_Separator_1":"8a810872-7467-4be0-b71c-00af67687d37","ApprovalConferenceRoomDEnd_MinuteValue_1":"b8feb726-e375-4f4d-9f15-6c37d80f058a","ApprovalConferenceRoomDEnd_ErrorMessage_1":"cbae3675-927a-4b45-afe6-fbb64c9454f9","Submit_DataCard_1":"7fae66c4-07af-4a0e-b39b-a755bf5c58d5","Submit_Button_1":"e54ac26d-8836-44e3-b347-12bb763180c5","ScrnApprovalMeetingRequest_PRDRelease":"14c96149-3b63-48d5-985b-0396ad2ec9d2","frmApprovalMeetingRequest_PRDRelease":"abbbd0e1-e936-4e2f-96ed-c2caa9151f06","ApprovalReviewMeetingRequestScreenTitle_DataCard_2":"297d90de-2353-45b4-947c-51e9d49e1529","ApprovalMeetingRequestScreenTitle_Label_2":"72227378-deff-4a1b-9d20-0a7177d7ff34","ApprovalMeetingInformation_DataCard_2":"79ec5e5e-73e3-4e44-923b-ffd03b606544","ApprovalMeetingInformation_Label_2":"6863a7e4-d383-4f94-82ec-7963ab6a23d5","ApprovalMeetingStart_DataCard_2":"2339237d-988e-448d-8aeb-1efee9ec9eba","ApprovalMeetingStart_StarVisible_2":"05acbe88-deab-48ef-a9f8-61ae96623f9f","ApprovalMeetingStart_DataCardKey_2":"359ad04a-9f6b-4750-92af-2c6972efd2f9","ApprovalMeetingStart_DateValue_2":"dd848229-dddb-4bc5-8aa4-437737bbe701","ApprovalMeetingStart_Label_2":"fd88eddc-3cb1-47d6-8756-544a4ab79401","ApprovalMeetingStart_HourValue_2":"191ecde8-6970-44f5-bd27-4fd5fd296026","ApprovalMeetingStart_Separator_2":"f87a1a1c-0919-47b5-b7e2-10543eda9bbd","ApprovalMeetingStart_MinuteValue_2":"7dc59031-fbeb-405d-b155-eec35689abba","ApprovalMeetingStart_ErrorMessage_2":"6324258f-9aae-4d50-9dcf-26c3f2d83c7d","ApprovalMeetingAdjourn_DataCard_2":"3314b701-824d-46cc-91eb-d486358d7355","ApprovalMeetingAdjourn_StarVisible_2":"31ff56a9-c170-46eb-813a-cf2223319cbf","ApprovalMeetingAdjourn_DataCardKey_4":"2ddd84b5-4ea1-4639-b6a9-f54537fec7cd","ApprovalMeetingAdjourn_DateValue_2":"b1fd67b5-9a47-4c21-b20d-7cc74ef70285","ApprovalMeetingAdjourn_Label_4":"aaab64f7-acf1-4f4a-81fd-04b6d974637d","ApprovalMeetingAdjourn_HourValue_2":"eaa3b517-b796-415d-b486-769ced0a8d56","ApprovalMeetingAdjourn_Separator_2":"41e19b78-133c-45ac-9a3a-fcfa6a872305","ApprovalMeetingAdjourn_MinuteValue_2":"19a21fa3-d871-46f7-9226-039f04256854","ApprovalMeetingAdjourn_ErrorMessage_2":"a29fc955-cb47-4cfb-a968-c35156054f74","ApprovalAttendeeCount_DataCard_2":"67b07e38-78fd-46b6-934b-74fb75bcd67e","ApprovalMeetingAdjourn_DataCardKey_5":"1430e48f-815f-44f5-b31f-3ff2e340a054","ApprovalMeetingAdjourn_Label_5":"b301b6ff-0ae0-476c-a23e-cc672ae91b0d","ApprovalContinueThroughTheWeekend_DataCard_2":"4da3506b-34d8-478f-af99-47f0b32dcda4","ApprovalContinueThroughTheWeekend_StarVisible_2":"91cd0077-bab7-4787-b5b9-30b9e547b18f","ApprovalContinueThroughTheWeekend_DataCardKey_2":"9b9aca40-08b4-4731-a50c-c9fe301d7d42","ApprovalContinueThroughTheWeekend_DataCardValue_2":"2004bfd0-9eea-49a6-816b-4357a7b35906","ApprovalContinueThroughTheWeekend_ErrorMessage_2":"cb85d1c9-2e9f-40ac-b177-313b5ed7b06e","ApprovallFoodAndBeverageHeader_2":"778a2284-0f33-491d-81a8-bf900eb121f0","ApprovallFoodAndBeverageHeader_Label_2":"ca9ad45c-cc45-4a7b-b519-fc01ae3ceed0","ApprovalBreakfastServed_DataCard_2":"04553447-7e44-4ec1-a953-bd1962285b45","ApprovalBreakfastServed_StarVisible_2":"be635321-3a7d-4894-8d31-374544e35f25","ApprovalBreakfastServed_DataCardKey_2":"270d9b2b-c1ca-4a5b-bd3f-39ca79c72085","ApprovalBreakfastServed_DataCardValue_2":"636db0d5-a896-499d-bcba-edbec40300ff","ApprovalBreakfastServed_ErrorMessage_2":"d8695433-c35b-4cd0-847b-32798a9781b3","ApprovalBreakfastTime_DataCard_2":"480a93a5-84cc-4363-8774-caa9d13188dd","ApprovalBreakfastTime_StarVisible_2":"872e7193-1f83-4665-8d9a-339a79af5d24","ApprovalBreakfastTime_DataCardKey_2":"ddb21165-86ea-4260-a70f-90709dd858de","ApprovalBreakfastTime_DataCardValue_2":"400dd1c1-338d-4de0-882a-fe29f4e55a74","ApprovalBreakfastTime_ErrorMessage_2":"1e6ba98d-f927-494e-9515-ed5bc849e325","ApprovalLunchServed_DataCard_2":"3dfc67f7-f360-49bb-b068-08bd298cf4c6","ApprovalLunchServed_StarVisible_2":"73ca69b5-0140-44c1-a078-a7800ad1131f","ApprovalLunchServed_DataCardKey_2":"dcd7d7aa-7d2c-4231-8014-69eced792fc9","ApprovalLunchServed_DataCardValue_2":"b7ad4d1e-4540-4830-94b2-3ce419a20859","ApprovalLunchServed_ErrorMessage_2":"5e711d0b-04bf-4fff-a387-e2574336ad80","ApprovalLunchTime_DataCard_2":"87b444de-ac81-4697-989e-a543aeeebf31","ApprovalLunchTime_StarVisible_2":"1d5e11ed-02be-4483-90a2-81c928718fce","ApprovalLunchTime_DataCardKey_2":"83ff6c21-cbe7-4f49-b804-30e48819ff1f","ApprovalLunchTime_DataCardValue_2":"566d9ad7-26c8-432b-b44c-4615bb39c23a","ApprovalLunchTime_ErrorMessage_2":"dc5c27af-fe2a-4c8f-875c-db3ec72ab81b","ApprovalSpecialDietaryNeeds_DataCard_2":"f1dbdf3e-4723-4939-a5fe-c1e54879d265","ApprovalSpecialDietaryNeeds_StarVisible_2":"0d027efb-f05f-4e76-b751-ef90d1b866ff","ApprovalSpecialDietaryNeeds_DataCardKey_2":"a2bde9d6-497c-4303-b895-de27b666eb14","ApprovalSpecialDietaryNeeds_DataCardValue_2":"433831f1-543f-4b61-ab14-b40b6f601c5e","ApprovalSpecialDietaryNeeds_ErrorMessage_2":"4fdd6eed-3d9f-496e-bd6a-edcc8bccd878","ApprovalPreferredRoomSetUpHeader_DataCard_2":"bcec0835-023f-4edb-af55-8b9124fd6c96","ApprovalPreferredRoomSetUpHeader_Label_2":"c3a1352d-84ba-49fe-b357-d2941ffce720","ApprovalRoomSetUpPreference_DataCard_2":"e6eac36b-ab43-4969-8025-ae5a7b3a253c","ApprovalRoomSetUpPreference_StarVisible_2":"6d6f0ee7-e37b-42de-adbc-1462acef9f4d","ApprovalRoomSetUpPreference_DataCardKey_2":"c23a5dfa-e720-4cdf-af13-9b060ddbc1d7","ApprovalRoomSetUpPreference_DataCardValue_2":"98ba01c0-25a9-4519-b3e4-6ebf2160a8b4","ApprovalRoomSetUpPreference_ErrorMessage_2":"e92b9828-e2a2-4f4c-9370-eccfe2ee4b8a","ApprovalTechnicalNeedsHeader_DataCard_2":"5f975cec-c872-4f39-89c5-b9d5d73001dc","ApprovalTechnicalNeedsHeader_Label_2":"300ae5ef-6cb5-4e0e-ad6f-a9dda77a5db1","ApprovalPodium_DataCard_2":"760666f9-3070-415d-aedd-4a0e900462ab","ApprovalPodium_StarVisible_2":"587723e8-79ca-4805-acf1-54d3af2af9a7","ApprovalPodium_DataCardKey_2":"0fe4a174-10a0-4d52-a2ad-7a85e1f8800e","ApprovalPodium_DataCardValue_2":"fe4a42d9-6338-4b77-8554-77f6daf7819a","ApprovalPodium_ErrorMessage_2":"30112106-8443-4ccd-b502-da1069035738","ApprovalPodiumMicrophone_DataCard_2":"0bfc2ec6-d522-41aa-a40b-4dc0128590b1","ApprovalPodiumMicrophone_StarVisible_2":"12cf5440-9d27-4bce-b6a4-7eb6e9e0f36a","ApprovalPodiumMicrophone_DataCardKey_2":"5b22871b-30f7-46de-84c3-f7a8869b9bc0","ApprovalPodiumMicrophone_DataCardValue_2":"5f3d2c03-15f8-4975-841a-08413900dd64","ApprovalPodiumMicrophone_ErrorMessage_2":"0007fb8d-8a95-4361-bec3-cc9cac54942a","ApprovalPodiumLaptop_DataCard_2":"a30724b0-c652-4dc6-becf-912b3eda23d8","ApprovalPodiumLaptop_StarVisible_2":"a64eee94-b266-42fc-894e-2ca24b4467b8","ApprovalPodiumLaptop_DataCardKey_2":"50f120a4-918c-457e-991a-d9ea62559b2d","ApprovalPodiumLaptop_DataCardValue_2":"4c956cbc-69ab-41bb-a0d2-0dde3d0eb22c","ApprovalPodiumLaptop_ErrorMessage_2":"da1dae04-eb24-4369-9fc9-bfc9447daf12","ApprovalInstructionsForPodiumLaptop_DataCard_2":"45a949f4-9177-449b-a9fa-795c617af9b9","ApprovalInstructionsForPodiumLaptop_StarVisible_2":"faa8a30d-d487-47e6-a6e9-4b3b9d0bfe91","ApprovalInstructionsForPodiumLaptop_DataCardKey_2":"d95f5163-d9e6-49b8-a08c-c4adabd43f76","ApprovalInstructionsForPodiumLaptop_DataCardValue_2":"2f7fe586-0f9b-4d22-b964-7a8f96d5567e","ApprovalInstructionsForPodiumLaptop_ErrorMessage_2":"b8154311-be1a-4e5e-875a-4819b594b25a","ApprovalMicrophone_DataCard_2":"04495441-dd78-45e9-95c7-10764acb7f60","ApprovalMicrophone_StarVisible_2":"9dc2a831-825b-4d1a-8b88-5672a32b74a0","ApprovalMicrophone_DataCardKey_2":"b8335caa-e1df-4b88-a514-e97c03afe014","ApprovalMicrophone_DataCardValue_2":"4c76ebd5-055a-4e88-afa9-bebe30189e73","ApprovalMicrophone_ErrorMessage_2":"37477890-a5ac-4eba-9ce4-56d89ea3d907","ApprovalMicrophoneType_DataCard_2":"a9510d85-33e7-4985-81e3-32fa7100a351","ApprovalMicrophoneType_StarVisible_2":"cdea983f-4eff-44ef-b18c-4ff9a2d68220","ApprovalMicrophoneType_DataCardKey_2":"7c6700b8-2bf4-45c4-8421-949bce407a4c","ApprovalMicrophoneType_DataCardValue_2":"8ed820aa-5be8-4e3f-a15c-651df8efee77","ApprovalMicrophoneType_ErrorMessage_2":"76a00d8b-2a43-40e3-b969-748b4ca42f21","ApprovalPushToTalkMicrophones_DataCard_2":"6b0a51e4-c7ec-499a-b735-01ef7f6cdbc6","ApprovalPushToTalkMicrophones_StarVisible_2":"69ed34b2-94f3-4087-85ed-3fbdf229c156","ApprovalPushToTalkMicrophones_DataCardKey_2":"47438a79-8273-49c2-9c30-6b7843006089","ApprovalPushToTalkMicrophones_DataCardValue_2":"a5949566-0e95-4312-a116-ed1422259506","ApprovalPushToTalkMicrophones_ErrorMessage_2":"a5164d19-3c6d-4602-a17e-a2db051db960","ApprovalNumOfPTTMics_DataCard_2":"1e25342a-7608-4883-a207-e26206848c2f","ApprovalNumOfPTTMics_StarVisible_2":"2cd73050-4f2d-478d-84d4-7e72ff113739","ApprovalNumOfPTTMics_DataCardKey_2":"2ec97284-c0e4-42c3-9013-6de5fb655192","ApprovalNumOfPTTMics_DataCardValue_2":"2a2d565e-f61a-4c72-80c8-c0f7c11df882","ApprovalNumOfPTTMics_ErrorMessage_2":"112a8a61-99ed-4202-8387-da333a591e40","ApprovalInRoomTechnician_DataCard_2":"b0daec67-86ab-4126-b6cc-0309280b7847","ApprovalInRoomTechnician_StarVisible_2":"a8e68575-6a6f-48b5-a9bb-30556485e9b0","ApprovalInRoomTechnician_DataCardKey_2":"2b1f105c-5262-4d26-ad44-efaaf4070cb7","ApprovalInRoomTechnician_DataCardValue_2":"f5aff067-9670-4643-adfe-030f1457d706","ApprovalInRoomTechnician_ErrorMessage_2":"96edd2b3-fb8e-4cd4-9ea1-05d3ef1093bc","ApprovalLaptops_DataCard_2":"59f8a48d-f71f-49e1-9260-8503c1162fc6","ApprovalLaptops_StarVisible_2":"5e0212db-6840-4fbe-9636-ec8d202b9c38","ApprovalLaptops_DataCardKey_2":"23986835-4fed-4cfc-ba2e-4af15541bd48","ApprovalLaptops_DataCardValue_2":"54c41011-8bc2-43ca-955b-ae632f8dc3a7","ApprovalLaptops_ErrorMessage_2":"da23fc43-36f5-48ac-97f0-ac5e1cdb3447","ApprovalNumOfLaptopsNeeded_DataCard_2":"45085510-36a9-42df-9f88-d443eb48d4d9","ApprovalNumOfLaptopsNeeded_StarVisible_2":"1551739b-1daa-43f6-ba6d-cea814856765","ApprovalNumOfLaptopsNeeded_DataCardKey_2":"61d9f2fb-af12-4713-88a7-b7f14a2059b4","ApprovalNumOfLaptopsNeeded_DataCardValue_2":"33141508-df7b-47ac-a905-253ba011dacb","ApprovalNumOfLaptopsNeeded_ErrorMessage_2":"ab0a992a-b1c2-4ff4-a655-e4af70d4d297","ApprovalIncludeMice_DataCard_2":"033c1b4e-756b-41f5-aa91-1b820dc0aa86","ApprovalIncludeMice_StarVisible_2":"3f81c3c1-226e-42cc-afa2-d1cfe82850fa","ApprovalIncludeMice_DataCardKey_2":"b2ad9612-9840-4633-b460-a0594f817fdf","ApprovalIncludeMice_DataCardValue_2":"0e41e2f3-bbfa-4909-9581-22a02272f89f","ApprovalIncludeMice_ErrorMessage_2":"a9a9ff35-b1ca-46b4-9d16-26c95f068d4e","ApprovalSpecialNeedsForLaptopSetup_DataCard_2":"ae92436f-8425-4ca1-a296-6fc415446f36","ApprovalSpecialNeedsForLaptopSetup_StarVisible_2":"8783bfa2-2fc1-4f7d-ab74-1c5091cc3113","ApprovalSpecialNeedsForLaptopSetup_DataCardKey_2":"bdfea4bb-43be-4780-b829-94e0843dc3a9","ApprovalSpecialNeedsForLaptopSetup_DataCardValue_2":"78132ac7-7e44-4737-94a4-b4f1204c65de","ApprovalSpecialNeedsForLaptopSetup_ErrorMessage_2":"e20329fa-84d3-4c76-a374-7e3d817a21a7","ApprovalThumbdrives_DataCard_2":"f4de8f78-0f79-45b9-a3c4-e02b80cb34a1","ApprovalThumbdrives_StarVisible_2":"1f139f1f-9f0e-4e2c-a537-f86cb29c8cbf","ApprovalThumbdrives_DataCardKey_2":"a96932cd-907d-4614-8280-3bec96d9fb3e","ApprovalThumbdrives_DataCardValue_2":"040a1f2f-2a6e-49f2-88e1-7898dfdb427c","ApprovalThumbdrives_ErrorMessage_2":"65c40e86-3ab4-430c-bec6-747e2445ccab","ApprovalNumThumdrivesNeeded_DataCard_2":"736db85b-2fca-4295-92ea-94da43e932f2","ApprovalNumThumdrivesNeeded_StarVisible_2":"9f0d4a66-fddb-475f-ad24-daaa98fb8e75","ApprovalNumThumdrivesNeeded_DataCardKey_2":"f20c6fda-e942-4672-a864-291ebe38d529","ApprovalNumThumdrivesNeeded_DataCardValue_2":"b44cb340-4ffa-4a28-9d7b-86f09791c7cb","ApprovalNumThumdrivesNeeded_ErrorMessage_2":"049f7825-9c81-43d5-a469-17fb168ed5f4","ApprovalSpecialNeedsRelatedToThumbdrives_DataCard_2":"44bec3d7-15ab-44ea-b6dd-a130271c6e76","ApprovalSpecialNeedsRelatedToThumbdrives_StarVisible_2":"957f1666-e736-4bb2-b4b9-b519b5f4f22b","ApprovalSpecialNeedsRelatedToThumbdrives_DataCardKey_2":"eb416ebc-11bd-44f0-948e-09f10c9e012b","ApprovalSpecialNeedsRelatedToThumbdrives_DataCardValue_2":"536d7753-38e0-4658-b0e8-4895276c09fa","ApprovalSpecialNeedsRelatedToThumbdrives_ErrorMessage_2":"faa086ad-1718-43cb-9091-18681ddb0132","ApprovalLCDProjector_DataCard_2":"2caf3d6d-613b-4194-88f7-ad3de0f23ef3","ApprovalLCDProjector_StarVisible_2":"1829746a-d30b-40da-b190-db9e0eaa17e0","ApprovalLCDProjector_DataCardKey_2":"6c5f149b-fa25-4a38-af85-f620b3d5b8b2","ApprovalLCDProjector_DataCardValue_2":"b8d16331-c71f-4adf-9538-11cf6cac0ea7","ApprovalLCDProjector_ErrorMessage_2":"148de3e0-eb6c-49c2-965a-d49bdf1e7739","ApprovalLaserPointers_DataCard_2":"cee6e302-c75c-4b71-893a-1505cbc7cbea","ApprovalLaserPointers_StarVisible_2":"0447bf6e-d279-4fbd-8ac9-82da566ebe47","ApprovalLaserPointers_DataCardKey_2":"c5f5b2a2-b966-4e00-b15b-fb530e1ca5a4","ApprovalLaserPointers_DataCardValue_2":"69fb7dc6-d137-4959-b064-307c4c168033","ApprovalLaserPointers_ErrorMessage_2":"8fa13254-c6fb-4408-b47e-df06a6bfd917","ApprovalRecordMeeting_DataCard_2":"02ec2127-76f1-47c2-bef7-04429dee0f94","ApprovalRecordMeeting_StarVisible_2":"c2c08584-0fb2-4500-933a-da5278f735c6","ApprovalRecordMeeting_DataCardKey_2":"7670ccee-5dff-42dd-9982-b91ebc96511c","ApprovalRecordMeeting_DataCardValue_2":"97ce2961-c5e7-434a-aa66-0427b3652da0","ApprovalRecordMeeting_ErrorMessage_2":"e88796e5-abc5-4b00-b287-6d9051ba4b96","ApprovalRecordingType_DataCard_2":"283f04d3-bbff-413e-9d23-fdf54b3cbd14","ApprovalRecordingType_StarVisible_2":"ab8ebb3e-3148-45d0-98de-e92da926dd73","ApprovalRecordingType_DataCardKey_2":"7ef07208-efbe-4c7a-a121-ef5bbcab6e0a","ApprovalRecordingType_DataCardValue_2":"35e90771-6a8c-4178-ad88-e35831a47eb4","ApprovalRecordingType_ErrorMessage_2":"28b69edc-eb7f-4985-8579-a99b0276d2af","ApprovalVIPParticipantsHeader_DataCard_2":"928fea33-6818-4bd1-a5f9-630defabda2b","ApprovalVIPParticipantsHeader_Label_2":"c42e3c34-f767-416f-a3e1-058bd02808ed","ApprovalCEO_DataCard_2":"12df4c2b-66ea-4620-bf76-f36e1246c4b0","ApprovalCEO_StarVisible_2":"95edfe27-de5a-40c7-a56f-ab14f83053cd","ApprovalCEO_DataCardKey_2":"59321409-2841-4388-b8db-6226e60e9866","ApprovalCEO_DataCardValue_2":"934bca7c-b987-40e8-99cb-aaa50d4d8a72","ApprovalCEO_ErrorMessage_2":"dd4e6b78-6b91-4d34-b52f-8209bf77f14e","ApprovalCurrentAACRPresident_DataCard_2":"fcf57704-95bb-467c-9570-fd8173dedb07","ApprovalCurrentAACRPresident_StarVisible_2":"e2b36781-50ff-4e85-8af3-071ddef398da","ApprovalCurrentAACRPresident_DataCardKey_2":"cc4a3316-405d-4467-b35a-c30705de090c","ApprovalCurrentAACRPresident_DataCardValue_2":"fe4f155b-4b49-4c35-9da9-0a649054f920","ApprovalCurrentAACRPresident_ErrorMessage_2":"711888d8-5870-41bf-90c9-9050a3983992","ApprovalCurrentAACRPresidentElect_DataCard_2":"0be545d6-c3d8-45b0-a745-9c1fc5e0b4ac","ApprovalCurrentAACRPresidentElect_StarVisible_2":"d0fcd4d4-84c8-4f57-ba05-9ac603368ee1","ApprovalCurrentAACRPresidentElect_DataCardKey_2":"426fec44-8886-469e-a980-87b095937116","ApprovalCurrentAACRPresidentElect_DataCardValue_2":"57a5d5b8-664c-4048-94c1-aae649cc21e9","ApprovalCurrentAACRPresidentElect_ErrorMessage_2":"317d0ef9-0485-4c77-bf19-d3021e6db504","ApprovalVIP1_DataCard_2":"739f1353-9b15-4b35-8568-e589d4a89581","ApprovalVIP1_StarVisible_2":"4ebbe285-c274-457c-bf16-a7a65de6fe0c","ApprovalVIP1_DataCardKey_2":"a3625b8b-41f2-4eef-8a5c-f1016c857da4","ApprovalVIP1_DataCardValue_2":"8b40610b-ca9b-4755-a4a8-1519adcc8b2e","ApprovalVIP1_ErrorMessage_2":"8cffd778-890e-4aef-800e-144cc1856e3a","ApprovalVIP2_DataCard_2":"b92bdf8c-9a77-4d3f-9de2-c6060b9ed0c0","ApprovalVIP2_StarVisible_2":"435c30b1-a6ea-4b09-b2ca-d7a1097da1a2","ApprovalVIP2_DataCardKey_2":"e101cc0a-d101-448e-bae5-ffe4218baa4e","ApprovalVIP2_DataCardValue_2":"80b3f774-9eec-4d7e-bd53-d057414e7a05","ApprovalVIP2_ErrorMessage_2":"7b9a107e-80f2-4249-b81a-12bc4f4c71e4","ApprovalVIP3_DataCard_2":"6e066d2b-3ee6-4139-ace5-c5e60f55af13","ApprovalVIP3_StarVisible_2":"42da63e1-9002-4e59-bc2b-34b64b9d0c98","ApprovalVIP3_DataCardKey_2":"e692d92d-949f-447f-9c35-bdf91b4792ed","ApprovalVIP3_DataCardValue_2":"d282d95c-40ff-4cc9-8b35-b0faadca442e","ApprovalVIP3_ErrorMessage_2":"d1f24ab5-38ad-4b2f-980b-b471e9c0ae3b","ApprovalVIP4_DataCard_2":"64c3f927-7740-4e66-944e-66557779a495","ApprovalVIP4_StarVisible_2":"729fb9fc-3e65-4942-b90b-b2d2099401e4","ApprovalVIP4_DataCardKey_2":"aaafbb8b-cc39-4955-8bc3-5e747ecbd9c8","ApprovalVIP4_DataCardValue_2":"6e66ce58-e5cc-4301-ac1d-a329ed0b8370","ApprovalVIP4_ErrorMessage_2":"5a766d71-9bf3-4c54-b859-45169bed5e7f","ApprovaStatusHeader_DataCard_2":"ad2e1574-4e1d-4262-b5cb-590ecbeb636d","ApprovaStatusHeader_Label_2":"06c82559-b1a2-471f-9061-5f54f58d3777","ApprovalStatus_DataCard_2":"731575ef-03de-40e5-af79-51b518ccb9f3","ApprovalStatus_StarVisible_2":"a2b1a3d0-9c5e-4755-b998-5c32488eac07","ApprovalStatus_DataCardKey_2":"48953c27-f7fc-4c00-8eb6-2c6ac35b4a1c","ApprovalStatus_DataCardValue_2":"ecbced2a-68a8-4a2f-985d-6f7e3c03902b","ApprovalStatus_ErrorMessage_2":"cb2716aa-129b-4a2b-96ac-450e3251fe9d","ApprovalStatusNotes_DataCard_2":"8ee803a9-18c5-4d46-98a1-49816747745f","ApprovalStatusNotes_StarVisible_2":"60ace24b-d4e4-49d2-99de-2c83b28bf6e2","ApprovalStatusNotes_DataCardKey_2":"310c1374-eb40-4154-ba9e-c8848570d1a6","ApprovalStatusNotes_DataCardValue_2":"eb318579-eaaa-4af8-b4fb-27d30276f90a","ApprovalStatusNotes_ErrorMessage_2":"209e8f99-2cef-4cb2-9515-977a981c6c80","ApprovalMeetingContactsHeader_DataCard_2":"66146c99-a9ab-4fef-beec-c73b739982ca","ApprovalMeetingContactsHeader_Label_2":"0ca5e039-bfa0-40ec-ba48-d1c44b06d9e1","ApprovalPrimaryMeetingContact_DataCard_2":"6608d62d-6493-4c83-91a8-0dfac339af33","ApprovalPrimaryMeetingContact_StarVisible_2":"ca41152b-cfab-4217-b96e-353b3dbd479a","ApprovalPrimaryMeetingContact_DataCardKey_2":"19373214-5cfa-40a8-925c-d1d5f1cfb9e2","ApprovalPrimaryMeetingContact_DataCardValue_2":"8de0153a-bf29-4415-887f-654e3a135d65","ApprovalPrimaryMeetingContact_ComboBox_2":"9b00c936-1d61-446a-b2ad-4aa6a5686764","ApprovalPrimaryMeetingContact_ErrorMessage_2":"01aab854-8807-4b64-b2c2-b6c073a37af0","ApprovalRoomAssignmentsHeader_DataCard_2":"554a083d-ce79-4a8e-8339-5e02810a0a43","ApprovalRoomAssignmentsHeader_Label_2":"f07f8cbe-f6c5-4473-a3c4-d7a5e49bb0a3","ApprovalConferenceRoomAB_DataCard_2":"42097194-f188-4579-b022-286867c440f4","varApprovalConferenceRoomABFormulas_1":"febd495b-765d-4260-8fcc-5df785d697db","ApprovalConferenceRoomAB_StarVisible_2":"444a4a02-360a-40e5-8220-ed8167458a3a","ApprovalConferenceRoomAB_DataCardKey_2":"ec36d55e-cf2a-4e86-a6bb-b93f3d44deda","ApprovalConferenceRoomAB_DataCardValue_2":"ba29bc80-16dd-40f6-a089-3ba38361e352","ApprovalConferenceRoomAB_ErrorMessage_2":"c40620b7-017f-4cd9-998f-b1429bf0121a","ApprovalConferenceRoomABStart_DataCard_2":"d4ff086e-7ead-4963-8097-b9c105595069","ApprovalConferenceRoomABStart_StarVisible_2":"1e168816-f6ec-4351-969c-713deebfdfe3","ApprovalConferenceRoomABStart_DataCardKey_2":"3d703187-0ae6-4f91-a0e6-961cd4503c46","ApprovalConferenceRoomABStart_DateValue_2":"8af44468-24ec-476a-a971-cd67d7f0af99","ApprovalConferenceRoomABStart_HourValue_2":"bcc1abfc-b511-4226-9304-3c564ff3cea3","ApprovalConferenceRoomABStart_Separator_2":"641e9d6a-2cd6-4130-92af-f6d1d52da16f","ApprovalConferenceRoomABStart_MinuteValue_2":"5c82bc6d-0059-466a-8f80-f793d2bd6dbc","ApprovalABStart_Dropdown_2":"72f1942d-5997-4465-b407-b31a5cc7d239","ApprovalConferenceRoomABStart_ErrorMessage_2":"812e6e36-ca5c-4d7e-a9e6-c6e11b0d1e39","ApprovalConferenceRoomABEnd_DataCard_2":"bf51327a-f1c8-4cbf-ada6-8260ce05ed49","ApprovalConferenceRoomABEnd_StarVisible_2":"884fd5fc-7a87-48a5-ae37-096a7942265f","ApprovalConferenceRoomABEnd_DataCardKey_2":"3ff36210-dcc1-4f4d-811d-7b9d2f40b884","ApprovalABEND_Dropdown_2":"b214d22e-6b95-48e4-b0d3-5b7f63d57b5c","ApprovalConferenceRoomABEnd_DateValue_2":"0b63d397-ed38-4094-8afd-6569f5edd520","ApprovalConferenceRoomABEnd_HourValue_2":"12383219-f51a-4198-b24b-3e4e6203e5ff","ApprovalConferenceRoomABEnd_Separator_2":"de6b97d4-9e10-4aa7-9b13-c170eeaab623","ApprovalConferenceRoomABEnd_MinuteValue_2":"19f9cecf-42ab-4d03-83a8-8dcc226f66e2","ApprovalConferenceRoomABEnd_ErrorMessage_2":"dc5e161c-175a-453e-bf20-a6f7a75191cf","ApprovalConferenceRoomC_DataCard_2":"cb38457a-59ef-41dd-8ee3-93b104cb5e4d","varApprovalConferenceRoomCFormulas_1":"7697670e-8c54-4a43-8079-6a96745e7e0e","ApprovalConferenceRoomC_StarVisible_2":"8823f6c1-7632-466a-9081-fab300dce31c","ApprovalConferenceRoomC_DataCardKey_2":"e56fc817-1576-4370-9ae1-fe1a6aec6871","ApprovalConferenceRoomC_DataCardValue_2":"0479ef4c-1ce7-465d-9f35-cca58c220b03","ApprovalConferenceRoomC_ErrorMessage_2":"adf707be-afc6-4677-bead-3709adc8c6ad","ApprovalConferenceRoomCStart_DataCard_2":"3dc1cab7-01de-4572-87e7-98e6f5a90782","ApprovalConferenceRoomCStart_StarVisible_2":"8b361e41-8a26-4444-9dbf-b6f24a0461e9","ApprovalConferenceRoomCStart_DataCardKey_2":"3f89736d-c8a0-487b-b780-c416b75e04dc","ApprovalConferenceRoomCStart_dropdown_2":"cc316992-0211-4c11-89e8-8ff691cfb557","ApprovalConferenceRoomCStart_DateValue_2":"f38ed128-2482-4f5e-9acd-5959aabd9fb1","ApprovalConferenceRoomCStart_HourValue_2":"c4dcbea0-227e-4110-aecb-cf01c46e76a0","ApprovalConferenceRoomCStart_MinuteValue_2":"24a39fd3-e2aa-47bd-8118-4b855056ce60","ApprovalConferenceRoomCStart_ErrorMessage_2":"da0aff9a-3c58-48a6-855f-3bb5d4ef8cd4","ApprovalConferenceRoomCEnd_DataCard_2":"a7ede745-8a67-4ae8-a61f-ba2fb0d98af7","ApprovalConferenceRoomCEnd_StarVisible_2":"18081c69-92ea-47ee-b5b9-4b4d1fe5b23a","ApprovalConferenceRoomCEnd_DataCardKey_2":"3d2e27d6-873d-49b2-b9fa-beaf7b282ea7","ApprovalConferenceRoomCEnd_Dropdown_2":"303810ed-1eac-4409-a138-09398290915b","ApprovalConferenceRoomCEnd_DateValue_2":"88bad84c-6414-4671-9343-6fd89febc81b","ApprovalConferenceRoomCEnd_HourValue_2":"732acbed-7037-4e63-8f79-6b9a791b258d","ApprovalConferenceRoomCEnd_Separator_2":"c1b5410c-5a96-410b-b0ee-ef2e813e392a","ApprovalConferenceRoomCEnd_MinuteValue_2":"27aaaf85-8c4b-4eb5-9721-efa9c8b622fb","ApprovalConferenceRoomCEnd_ErrorMessage_2":"066180cb-f410-4a3a-9bd5-3e8a03253b0c","ApprovalConferenceRoomD_DataCard_2":"e73ad11b-c817-4571-8478-76a8eeddc6f5","ApprovalConferenceRoomD_StarVisible_2":"6213196f-11f1-4241-98b2-401da48f640c","ApprovalConferenceRoomD_DataCardKey_2":"8de5d4f1-ce61-4edf-8eba-9db15cd09ff1","varApprovalConferenceRoomDFormulas_1":"d0a6171e-8923-419f-a48d-3bf18a914cb7","ApprovalConferenceRoomD_DataCardValue_2":"b6fd8b4f-3647-4f4f-8d8a-1899ebdfd458","ApprovalConferenceRoomD_ErrorMessage_2":"55782da1-f131-4856-a84b-5fa860c026b8","ApprovalConferenceRoomDStart_DataCard_2":"fa883378-caef-4e7e-8b72-5d9cf0ea71d4","ApprovalConferenceRoomDStart_StarVisible_2":"5b226bda-3bb4-4986-a256-89d8af058d41","ApprovalConferenceRoomDStart_DataCardKey_2":"9977424d-0c05-4951-ba93-45fba88b4eeb","ApprovalConferenceRoomDStart_DateValue_2":"825a68c2-083f-49ab-bfd8-80e3814b3297","ApprovalConferenceRoomDStart_HourValue_2":"643b98b2-12a4-4222-8578-09b86879d222","ApprovalConferenceRoomDStart_Separator_2":"59153306-907f-4e70-9444-8d0d78866dfb","ApprovalConferenceRoomDStart_MinuteValue_2":"9d58bf63-ac3e-43c3-8d16-0fb05665be74","ApprovalConferenceRoomDStart_Dropdown_2":"d15ab6bf-5cb3-4893-bc03-88c0830a881a","ApprovalConferenceRoomDStart_ErrorMessage_2":"ef29fb82-e6fe-4e2a-8a40-ae33c419293b","ApprovalConferenceRoomDEnd_DataCard_2":"605afa6b-7bdb-4c12-ad65-3e334bab2c90","ApprovalConferenceRoomDEnd_StarVisible_2":"30c12284-ec47-4f20-8ef7-49f1e9936e82","ApprovalConferenceRoomDEnd_DataCardKey_2":"f8011d5a-b01e-4c72-9633-ed132994d8db","ApprovalConferenceRoomDEnd_Dropdown_2":"380db8ea-f947-42d4-8dc2-42568185e621","ApprovalConferenceRoomDEnd_DateValue_2":"dbe6fc92-898d-457a-b909-a89a6e55461b","ApprovalConferenceRoomDEnd_HourValue_2":"4f12b8f3-04d8-4cd9-b577-3be99b60d92f","ApprovalConferenceRoomDEnd_Separator_2":"0d09ad2f-0566-435b-ae27-77d2e88ba774","ApprovalConferenceRoomDEnd_MinuteValue_2":"44d76c1d-1b55-444d-abf2-499e4556d5a4","ApprovalConferenceRoomDEnd_ErrorMessage_2":"b8ad0bff-009f-4c3f-a799-a5782d08c9b2","Submit_DataCard_2":"770ecaa9-7afd-4774-8acc-9f148638e557","Submit_Button_2":"bca52512-166a-4020-b094-395b077fd46d","ScrnApprovalMeetingRequest_bk31524":"b4ca57ce-aa4a-41a9-9463-408b66a726b4","frmApprovalMeetingRequest_bk31524":"8b65fae5-7bdb-4bbb-a506-9ada9d73d1b9","ApprovalReviewMeetingRequestScreenTitle_DataCard_3":"ee23554d-3a44-4add-b979-7c74848b8949","ApprovalMeetingRequestScreenTitle_Label_3":"fa0743e0-8c84-4aa9-8fd9-49c4f2ca758c","ApprovalMeetingInformation_DataCard_3":"6313e3d6-af1f-4bd0-8ec6-47c67a14532e","ApprovalMeetingInformation_Label_3":"8460e463-e929-4601-8f32-d4e75b8863ff","ApprovalMeetingStart_DataCard_3":"0ee31449-c663-4685-87f9-4de218042d7b","ApprovalMeetingStart_StarVisible_3":"7c08dc6c-db0b-48d5-8b54-1b636ef780d6","ApprovalMeetingStart_DataCardKey_3":"98be2460-4850-463c-98a2-9925176ff115","ApprovalMeetingStart_DateValue_3":"242f2406-288c-487c-9b7b-b38f8fb55506","ApprovalMeetingStart_Label_3":"0943cac9-84a6-4ecb-b09f-63f864d918bb","ApprovalMeetingStart_HourValue_3":"5cece22f-b682-4db2-9c7d-695c0a20d456","ApprovalMeetingStart_Separator_3":"239cb763-8056-481c-9a28-ab216fd3105f","ApprovalMeetingStart_MinuteValue_3":"25f372a1-d664-496c-8a4e-af9f1da9c28c","ApprovalMeetingStart_ErrorMessage_3":"ad924528-49e7-4343-b201-b8fe793e4ffe","ApprovalMeetingAdjourn_DataCard_3":"11fff6ee-719b-44d4-b84b-1591fcb60f21","ApprovalMeetingAdjourn_StarVisible_3":"0b8d5b07-ca84-44df-b0c7-edefe986c037","ApprovalMeetingAdjourn_DataCardKey_6":"b947d667-c28a-4a48-92cc-5c4f8de3e072","ApprovalMeetingAdjourn_DateValue_3":"9d54772b-30bb-4a13-a1fb-f41a3d313895","ApprovalMeetingAdjourn_Label_6":"3f5195c9-a405-4bf0-bb57-d6f05ed5a03e","ApprovalMeetingAdjourn_HourValue_3":"59811155-6463-41ea-949c-e655eabc905a","ApprovalMeetingAdjourn_Separator_3":"14f54faf-c9fb-471a-aa48-6e0c052d10d6","ApprovalMeetingAdjourn_MinuteValue_3":"52587170-fd80-44bf-a313-05f3327bc7fc","ApprovalMeetingAdjourn_ErrorMessage_3":"0dd953cb-0217-4af4-ab30-bdb4b9ef3592","ApprovalAttendeeCount_DataCard_3":"b7294525-4809-47f1-9b6f-b244179f9f7a","ApprovalMeetingAdjourn_DataCardKey_7":"344de174-5f1e-455f-bb45-d2c8341c1300","ApprovalMeetingAdjourn_Label_7":"b70a9da3-bd0f-4393-bbe8-1816a0d43ae9","ApprovalContinueThroughTheWeekend_DataCard_3":"4664c6de-2e96-4ce4-81bf-0a1e1b3ce97d","ApprovalContinueThroughTheWeekend_StarVisible_3":"e0637af5-08a9-4438-b8fd-965a8ed795e7","ApprovalContinueThroughTheWeekend_DataCardKey_3":"508bb10f-2488-4db3-ada2-532659d909a7","ApprovalContinueThroughTheWeekend_DataCardValue_3":"6b3eff2a-0182-499e-95f4-812de3346c54","ApprovalContinueThroughTheWeekend_ErrorMessage_3":"1d805ef6-d73d-4d1e-a7df-0c0bff543f67","ApprovallFoodAndBeverageHeader_3":"8f27bc99-0df2-4b23-8ea9-9939e654eb7e","ApprovallFoodAndBeverageHeader_Label_3":"e6af8ca4-7a32-4cb1-ac32-5e0ed3892513","ApprovalBreakfastServed_DataCard_3":"742a595d-a4c2-4fb8-a73b-4a93734f28db","ApprovalBreakfastServed_StarVisible_3":"c68f8fed-88fe-4cf7-8942-d5c9e1e6df09","ApprovalBreakfastServed_DataCardKey_3":"e4046413-07d0-4ba9-a086-ecffcc13a8df","ApprovalBreakfastServed_DataCardValue_3":"d6da98a3-3e15-4c20-ae53-dd69a34b60f6","ApprovalBreakfastServed_ErrorMessage_3":"93614fda-b2cd-4ca0-8252-4253858c9185","ApprovalBreakfastTime_DataCard_3":"a3d46109-4daf-46b8-8dad-8ba4c0b0ac49","ApprovalBreakfastTime_StarVisible_3":"81c0ec02-5182-48b8-8111-49fc41b6b7f9","ApprovalBreakfastTime_DataCardKey_3":"b93a980d-94f4-4cc5-90e6-777fb72e30d0","ApprovalBreakfastTime_DataCardValue_3":"4d0e51c6-7f4e-4b3c-9601-9f73d67e15b5","ApprovalBreakfastTime_ErrorMessage_3":"9e1e551d-695a-4e7d-be7b-0ca6b49dcff1","ApprovalLunchServed_DataCard_3":"202d364c-31f4-4f92-8136-43cbd4ff3c7e","ApprovalLunchServed_StarVisible_3":"44ba82ed-caa8-4cb1-b092-9dae1deafcb2","ApprovalLunchServed_DataCardKey_3":"e8ff6898-bfed-4a94-a2c5-3d54f68761fd","ApprovalLunchServed_DataCardValue_3":"1de3166a-72a1-433d-81cf-fc8910f32c40","ApprovalLunchServed_ErrorMessage_3":"0716c369-fd5f-45d4-b80f-c3a294e655ed","ApprovalLunchTime_DataCard_3":"b6c64dfa-4cf2-42dd-83e6-c3cdb9ae4cb7","ApprovalLunchTime_StarVisible_3":"440b1033-f2cd-485a-9605-3a25fd898f51","ApprovalLunchTime_DataCardKey_3":"9a26bfd0-de6c-420e-b010-4a7c44aa76a9","ApprovalLunchTime_DataCardValue_3":"eaa55867-e705-4f31-a98b-aaa12dced620","ApprovalLunchTime_ErrorMessage_3":"3d3726ed-be80-444c-8363-4075b4b30b01","ApprovalSpecialDietaryNeeds_DataCard_3":"7fa85668-bfac-4d6f-8005-e6974079579e","ApprovalSpecialDietaryNeeds_StarVisible_3":"7700b3e2-08b7-467c-aa40-cafce70ff5ea","ApprovalSpecialDietaryNeeds_DataCardKey_3":"b96286a3-1ecb-4f1c-a03b-5a95c1808665","ApprovalSpecialDietaryNeeds_DataCardValue_3":"d05468c1-b943-450f-a71a-257dcd863873","ApprovalSpecialDietaryNeeds_ErrorMessage_3":"eb829d62-a6a4-4f4d-ac22-56a9b0e32b3c","ApprovalPreferredRoomSetUpHeader_DataCard_3":"8b8ab587-9635-4cf8-b332-0b4dcb0e0aba","ApprovalPreferredRoomSetUpHeader_Label_3":"e89f7697-a6c2-4cab-91a5-23bae4637679","ApprovalRoomSetUpPreference_DataCard_3":"9dbb4eb1-2f12-4d7b-b0f9-9b36c82af92b","ApprovalRoomSetUpPreference_StarVisible_3":"9cff1d18-d623-4032-a8ca-bf6aa37b7b2e","ApprovalRoomSetUpPreference_DataCardKey_3":"1cf41092-c451-421c-ae0f-8894c9bf5d1d","ApprovalRoomSetUpPreference_DataCardValue_3":"77993519-3e39-4c6f-831b-ae2325be2b8c","ApprovalRoomSetUpPreference_ErrorMessage_3":"ba48e4d9-d257-4d44-a8a1-bdd44f090102","ApprovalTechnicalNeedsHeader_DataCard_3":"c3a2893b-5e8f-45b9-8c5d-647cefef47fe","ApprovalTechnicalNeedsHeader_Label_3":"1c82645a-11f6-4da4-be2e-b07b755b930f","ApprovalPodium_DataCard_3":"622553b4-1cae-4c61-b436-b01e3e1774c8","ApprovalPodium_StarVisible_3":"6be12286-afa7-4ee1-87a7-26e99b277a41","ApprovalPodium_DataCardKey_3":"21c2be51-fc9b-4cd4-9fb5-951c77b79e87","ApprovalPodium_DataCardValue_3":"eb34ca46-ea43-4688-bbb5-b5e10879f2a8","ApprovalPodium_ErrorMessage_3":"9e395f1a-0903-451a-85e8-ca375c01c836","ApprovalPodiumMicrophone_DataCard_3":"4129e2ea-9383-4f8d-ad8d-0367b27f3d1e","ApprovalPodiumMicrophone_StarVisible_3":"f94c8a2d-d102-4f34-a5ce-2b64ff83aa72","ApprovalPodiumMicrophone_DataCardKey_3":"9c03c2af-130d-4344-a1ae-74de7e325f53","ApprovalPodiumMicrophone_DataCardValue_3":"6e87015a-b77d-4131-bf3e-8fcc6a963c58","ApprovalPodiumMicrophone_ErrorMessage_3":"aa89f161-c3e6-4746-9e52-2266258d264f","ApprovalPodiumLaptop_DataCard_3":"f8af4902-26bd-4ae6-9b26-a96fd25ad3c6","ApprovalPodiumLaptop_StarVisible_3":"756d8f85-f572-443a-840c-d5a50ca00a89","ApprovalPodiumLaptop_DataCardKey_3":"f40c2860-010c-43d2-a235-0b207e008960","ApprovalPodiumLaptop_DataCardValue_3":"2c973f4d-2757-4e66-b37e-a124581925d1","ApprovalPodiumLaptop_ErrorMessage_3":"aeb53508-3689-403b-9328-35d82047980d","ApprovalInstructionsForPodiumLaptop_DataCard_3":"bb4bf853-f79c-405c-8a37-d7e1e80013e9","ApprovalInstructionsForPodiumLaptop_StarVisible_3":"0cad1b84-6749-410f-8f29-285aaab48d3b","ApprovalInstructionsForPodiumLaptop_DataCardKey_3":"8ef4637d-272b-4174-bb94-0c64b08cbb69","ApprovalInstructionsForPodiumLaptop_DataCardValue_3":"ed268665-0267-4145-95f1-7e0ea8d756d0","ApprovalInstructionsForPodiumLaptop_ErrorMessage_3":"5b57d9f8-ea7b-4340-9348-bd0283cb5371","ApprovalMicrophone_DataCard_3":"0c1d6282-dad0-425a-995e-4dc70b0bcc06","ApprovalMicrophone_StarVisible_3":"aa4d17c0-0e85-4d4c-b32c-0cddbc182c8e","ApprovalMicrophone_DataCardKey_3":"5818c527-94b3-4a38-865f-68c9bb8e3368","ApprovalMicrophone_DataCardValue_3":"c0bf9b15-9c27-46e1-956e-3b3e5962ea07","ApprovalMicrophone_ErrorMessage_3":"e00854d2-b546-4b8a-ba10-b750bb745cd6","ApprovalMicrophoneType_DataCard_3":"5e9d7d19-4273-4b98-a885-7857532c25c2","ApprovalMicrophoneType_StarVisible_3":"d4459808-b22f-4398-be11-5dff22aa277a","ApprovalMicrophoneType_DataCardKey_3":"b52202b5-acd7-451f-afc4-b6ca70be6d75","ApprovalMicrophoneType_DataCardValue_3":"7c1ae4c5-d61f-408f-bad2-c54e48ae1b1d","ApprovalMicrophoneType_ErrorMessage_3":"bfd8763d-27ca-4336-b38b-f97e0d416a0b","ApprovalPushToTalkMicrophones_DataCard_3":"c5706581-a042-4a90-9624-835fc5de0697","ApprovalPushToTalkMicrophones_StarVisible_3":"8255023b-babb-43fb-9e83-5c591705adb4","ApprovalPushToTalkMicrophones_DataCardKey_3":"e5ca70e6-f131-4802-aea5-1ebae6539887","ApprovalPushToTalkMicrophones_DataCardValue_3":"254db18d-9462-4673-9aba-53e4e7178eab","ApprovalPushToTalkMicrophones_ErrorMessage_3":"f41d8900-2f9f-4d87-bb85-1616f798cfc8","ApprovalNumOfPTTMics_DataCard_3":"84b605cb-7169-4a7e-8d84-e5568b64e8c2","ApprovalNumOfPTTMics_StarVisible_3":"2daace4d-9fb7-4fde-93c0-64a128cb0df2","ApprovalNumOfPTTMics_DataCardKey_3":"859b1bbd-6638-48d2-8699-ca604336f1ae","ApprovalNumOfPTTMics_DataCardValue_3":"1d108573-e8dd-499c-b796-da03fc90230c","ApprovalNumOfPTTMics_ErrorMessage_3":"b5a8411d-1ccd-4089-8d58-c327611ad89a","ApprovalInRoomTechnician_DataCard_3":"ad8b7ff9-c5aa-4024-a4d2-0d638db38228","ApprovalInRoomTechnician_StarVisible_3":"87c612cc-6b62-49ac-b0d1-5ac94f398e28","ApprovalInRoomTechnician_DataCardKey_3":"f7236a7f-8b40-4571-8f79-33a055a60a9c","ApprovalInRoomTechnician_DataCardValue_3":"c2957e96-d664-4e27-b130-e758537a4d88","ApprovalInRoomTechnician_ErrorMessage_3":"48ccbaed-ebc0-4180-8908-9cecae34affb","ApprovalLaptops_DataCard_3":"964296dc-5313-4956-848d-4931e5dc82a2","ApprovalLaptops_StarVisible_3":"d5f502a8-1fbc-47fc-998c-f5902fc9451c","ApprovalLaptops_DataCardKey_3":"8ce740d7-4210-43c8-ac30-8e48180f3335","ApprovalLaptops_DataCardValue_3":"0d20f6ea-96ba-46f5-8ab9-b8b2d5ad081d","ApprovalLaptops_ErrorMessage_3":"cee27286-0c5d-405a-95c9-ddb3762a9aa2","ApprovalNumOfLaptopsNeeded_DataCard_3":"b0f733b8-d970-4a3d-8915-57369c13f1c5","ApprovalNumOfLaptopsNeeded_StarVisible_3":"0fdf7135-efbd-452a-aa0a-7a40b72ee300","ApprovalNumOfLaptopsNeeded_DataCardKey_3":"3dc6f00c-08a5-4ee4-b10e-c201d74ae82a","ApprovalNumOfLaptopsNeeded_DataCardValue_3":"946028b6-b281-4f29-bded-23aebb2fc615","ApprovalNumOfLaptopsNeeded_ErrorMessage_3":"b1cc4aeb-559e-476f-aab4-55ee2c97399e","ApprovalIncludeMice_DataCard_3":"8bb9ce5d-042f-4ea7-b1e4-0b28e85e781d","ApprovalIncludeMice_StarVisible_3":"7d08e494-653e-45b9-a83a-575818da4832","ApprovalIncludeMice_DataCardKey_3":"841a4193-80f6-454f-8e88-f0913b462618","ApprovalIncludeMice_DataCardValue_3":"83a5a22a-bc18-4df3-8df8-ab1b52467c5f","ApprovalIncludeMice_ErrorMessage_3":"f8d2a937-3c2a-4874-a18c-69e7ff4809e3","ApprovalSpecialNeedsForLaptopSetup_DataCard_3":"d45e4668-33f6-411a-8deb-5b10faa424e8","ApprovalSpecialNeedsForLaptopSetup_StarVisible_3":"6aeec68e-8a30-44e4-821d-3c12fe425309","ApprovalSpecialNeedsForLaptopSetup_DataCardKey_3":"55d96695-72da-4043-8246-819c53183c98","ApprovalSpecialNeedsForLaptopSetup_DataCardValue_3":"5a06c7c7-64f7-4093-8745-5957176449bb","ApprovalSpecialNeedsForLaptopSetup_ErrorMessage_3":"fb4b3078-a3bb-4023-a952-e62f165f086d","ApprovalThumbdrives_DataCard_3":"3d50b5a8-75c7-4177-9eee-42361510965a","ApprovalThumbdrives_StarVisible_3":"98223d67-78c6-4e32-92c9-939766f28ad3","ApprovalThumbdrives_DataCardKey_3":"a1b6794a-8b4f-4b02-b90b-58be4a0d8dc8","ApprovalThumbdrives_DataCardValue_3":"89978e9d-a9f7-4869-bb45-0ba7e8c12d7f","ApprovalThumbdrives_ErrorMessage_3":"3e609b51-bfb0-433c-8aef-aa6e322b74de","ApprovalNumThumdrivesNeeded_DataCard_3":"dbcb0ffb-187f-44f0-8924-a061352dc0a9","ApprovalNumThumdrivesNeeded_StarVisible_3":"bad2848b-d245-405c-a2f6-9b9352c22285","ApprovalNumThumdrivesNeeded_DataCardKey_3":"62de7376-aeac-402e-bda4-35af43ac14c7","ApprovalNumThumdrivesNeeded_DataCardValue_3":"07d547af-7d55-4592-8762-eeaa98ee7818","ApprovalNumThumdrivesNeeded_ErrorMessage_3":"de9df785-f206-4f82-958c-b59e536d4167","ApprovalSpecialNeedsRelatedToThumbdrives_DataCard_3":"34a6909b-ebc2-4b11-893c-50ea2a5fc039","ApprovalSpecialNeedsRelatedToThumbdrives_StarVisible_3":"0643b461-93c4-4e4c-9e42-d4b217a1d3ba","ApprovalSpecialNeedsRelatedToThumbdrives_DataCardKey_3":"25770d29-be8d-416f-9e18-36218c892333","ApprovalSpecialNeedsRelatedToThumbdrives_DataCardValue_3":"ae06bd81-5e5e-4d5e-9ff0-88a036fb7bb9","ApprovalSpecialNeedsRelatedToThumbdrives_ErrorMessage_3":"dd19458c-2d79-4be8-909c-bea01524fa29","ApprovalLCDProjector_DataCard_3":"7c71101a-e06a-49aa-9843-5fffe3d38a91","ApprovalLCDProjector_StarVisible_3":"220396ff-5286-476e-b108-42ccdc9787aa","ApprovalLCDProjector_DataCardKey_3":"44ccbe4d-e30d-4382-968f-6a239942d812","ApprovalLCDProjector_DataCardValue_3":"22d67933-74cf-4a26-aac7-ff297dc376fd","ApprovalLCDProjector_ErrorMessage_3":"5ea50d91-f61c-49c0-a099-83ef5b51b1b2","ApprovalLaserPointers_DataCard_3":"68039644-2a64-4b9b-977f-5ecff22a7d11","ApprovalLaserPointers_StarVisible_3":"fdfaa28a-1bcf-45bf-aa50-9f65612a58db","ApprovalLaserPointers_DataCardKey_3":"c301a2c6-bea2-4baa-820a-166cf249b4a6","ApprovalLaserPointers_DataCardValue_3":"5f3f160c-5be6-4c71-bf70-fd8ccfca5b2b","ApprovalLaserPointers_ErrorMessage_3":"bd0550d7-6fbf-4558-9911-7c6d03184a32","ApprovalRecordMeeting_DataCard_3":"4442d5dd-2836-4e02-bf22-d115dea4798b","ApprovalRecordMeeting_StarVisible_3":"cdef6408-cc7d-49bf-8063-2e4d4c9b7a4d","ApprovalRecordMeeting_DataCardKey_3":"97c54b5b-90f6-488a-9914-41ca62cccfd5","ApprovalRecordMeeting_DataCardValue_3":"17958703-f32e-4cad-b28a-3ffaed6d9ab7","ApprovalRecordMeeting_ErrorMessage_3":"fa6087ef-f96e-430c-b646-cf34c0818a0c","ApprovalRecordingType_DataCard_3":"b7a1a9ce-dad8-47f8-a1de-77056adab0ba","ApprovalRecordingType_StarVisible_3":"d85b15f9-6742-4c82-a787-e7d9173eb3d3","ApprovalRecordingType_DataCardKey_3":"40ae752a-5e73-4691-ab6d-c6d0b9bcac62","ApprovalRecordingType_DataCardValue_3":"2f5f7a7f-5ef8-4335-a6c1-ab0d9b298746","ApprovalRecordingType_ErrorMessage_3":"2b0d0659-e499-4c0e-b7b7-1ac2afbff546","ApprovalVIPParticipantsHeader_DataCard_3":"88eded7b-38ce-4cf3-85c3-3604d70e9bc2","ApprovalVIPParticipantsHeader_Label_3":"639879db-4262-4cdf-9bcd-e7a4d47583af","ApprovalCEO_DataCard_3":"22bfe4f1-47b6-4d19-933c-432e9156688a","ApprovalCEO_StarVisible_3":"85abda22-056e-4bde-8c05-ccc7efb46b26","ApprovalCEO_DataCardKey_3":"42587e41-82e5-4c14-b51f-6cf8ecc6a24d","ApprovalCEO_DataCardValue_3":"f02ed41c-489c-4b49-82db-c2b3e03f3407","ApprovalCEO_ErrorMessage_3":"52865fa3-5da1-4a88-b543-51a4f5a38dde","ApprovalCurrentAACRPresident_DataCard_3":"8adccd05-e920-4cfe-a5da-9b242763d430","ApprovalCurrentAACRPresident_StarVisible_3":"ed9214b9-b8f1-4fd5-b026-c66f43c99105","ApprovalCurrentAACRPresident_DataCardKey_3":"72a982fc-d917-42a1-a2eb-76137214c17c","ApprovalCurrentAACRPresident_DataCardValue_3":"c68a5136-993c-45c7-b7d9-176a0e1bee95","ApprovalCurrentAACRPresident_ErrorMessage_3":"ba9005f4-0c96-4a8d-b2eb-c077144059eb","ApprovalCurrentAACRPresidentElect_DataCard_3":"be6627be-1745-4bf8-9f9f-1e6bfb6d21c3","ApprovalCurrentAACRPresidentElect_StarVisible_3":"2b8fe141-34d8-40dd-8483-e2598945a897","ApprovalCurrentAACRPresidentElect_DataCardKey_3":"543d9f01-0bf6-48cc-86f1-404e13ce967f","ApprovalCurrentAACRPresidentElect_DataCardValue_3":"992c3066-3b76-4f83-aa7e-c6d6852aa9de","ApprovalCurrentAACRPresidentElect_ErrorMessage_3":"666ab93b-100c-493c-b790-2f4c139871e2","ApprovalVIP1_DataCard_3":"40e1020f-3c06-49bf-bc53-ba3dddece438","ApprovalVIP1_StarVisible_3":"b22dfb19-8f22-4e47-abe1-e66d0a6249a7","ApprovalVIP1_DataCardKey_3":"c3ec2eb6-6936-4bd5-a832-265e5f88c70a","ApprovalVIP1_DataCardValue_3":"53926975-5341-4637-bb91-050f510c9e30","ApprovalVIP1_ErrorMessage_3":"691a97f2-cf37-4976-9b7e-8039f560bedd","ApprovalVIP2_DataCard_3":"86077471-124b-4d14-afad-16358106dede","ApprovalVIP2_StarVisible_3":"c6a27ea3-6200-4aef-a2f0-cc8e60e9fced","ApprovalVIP2_DataCardKey_3":"b24c846f-60f8-4c30-bf9c-e61d1d0e0fa0","ApprovalVIP2_DataCardValue_3":"99620e1c-4fef-44be-ae2c-93422e6735a3","ApprovalVIP2_ErrorMessage_3":"ac0eca97-eee6-4dfa-8b45-5f03466de38a","ApprovalVIP3_DataCard_3":"db506d16-3731-425f-a36a-5f910f387a4a","ApprovalVIP3_StarVisible_3":"f5ea333d-bfae-4e38-9f19-fe93efe9959b","ApprovalVIP3_DataCardKey_3":"d9c03835-0f40-4710-8493-e2075d1e297a","ApprovalVIP3_DataCardValue_3":"c8a473ce-78b3-416a-a3f0-40c831452a88","ApprovalVIP3_ErrorMessage_3":"e565b16d-6b20-4eee-bb29-ce7ab50bec00","ApprovalVIP4_DataCard_3":"6e07a8da-acc3-4a03-84b9-11d91135f3e5","ApprovalVIP4_StarVisible_3":"ae462698-a4ce-4084-aa4e-ef8e6593d5a8","ApprovalVIP4_DataCardKey_3":"838b29b2-6f16-423f-abcd-4afb22633504","ApprovalVIP4_DataCardValue_3":"8044424d-a4c0-4563-b31b-07e4935d7935","ApprovalVIP4_ErrorMessage_3":"54897c41-a2ff-4526-8662-9738828e2477","ApprovaStatusHeader_DataCard_3":"8afeeda8-2c77-4d2b-a0d2-a25777f067ba","ApprovaStatusHeader_Label_3":"b3128b31-7db0-4e4b-88d0-0414d3226994","ApprovalStatus_DataCard_3":"16bb3a45-c001-41a9-85df-c814b2d156ff","ApprovalStatus_StarVisible_3":"45fc88c5-017e-49f2-9cc4-784facf623a6","ApprovalStatus_DataCardKey_3":"f15224d4-37a2-4bd4-abbc-595cb720e70c","ApprovalStatus_DataCardValue_3":"14815c09-8fb2-494c-ad64-9efc142aa59e","ApprovalStatus_ErrorMessage_3":"744f50e0-662e-4341-b40a-d422f908cb30","ApprovalStatusNotes_DataCard_3":"db046703-da4e-4093-8166-664256565fb6","ApprovalStatusNotes_StarVisible_3":"ce9e390b-d40b-47cb-bd23-224086f658ea","ApprovalStatusNotes_DataCardKey_3":"04ac1b5b-68a3-4252-a73c-b8e544cc86d7","ApprovalStatusNotes_DataCardValue_3":"a8924b25-b2cc-40ae-be9b-77a8f90e269b","ApprovalStatusNotes_ErrorMessage_3":"bf6caed0-16f8-437e-9e33-21ec3e02567c","ApprovalMeetingContactsHeader_DataCard_3":"e051206b-f325-4682-a770-f1ac64e98504","ApprovalMeetingContactsHeader_Label_3":"bf938da6-a81d-4fe9-8fc2-af4b767f7d67","ApprovalPrimaryMeetingContact_DataCard_3":"93e94720-951f-4d53-b72b-4f042cbeec68","ApprovalPrimaryMeetingContact_StarVisible_3":"38d3c2b8-6e25-44cc-9e85-64fb06b92e6c","ApprovalPrimaryMeetingContact_DataCardKey_3":"d02e55d4-79b0-44b8-8ffa-940214b912ca","ApprovalPrimaryMeetingContact_DataCardValue_3":"cd371368-bcfa-40a8-a14b-832475661da5","ApprovalPrimaryMeetingContact_ComboBox_3":"a7c580db-c4ef-4847-bb11-b887819050fb","ApprovalPrimaryMeetingContact_ErrorMessage_3":"18d4026c-d6af-48ef-94e3-ad414d0e299c","ApprovalRoomAssignmentsHeader_DataCard_3":"647ee19a-d32f-4951-a148-268bebd373b7","ApprovalRoomAssignmentsHeader_Label_3":"95b3bdc9-abc6-4d6b-b432-4fb89cb343e5","ApprovalConferenceRoomAB_DataCard_3":"b3ffc3e7-81a8-42e0-8439-315574226f24","ApprovalConferenceRoomAB_StarVisible_3":"a02774ea-b0fb-4dc4-894c-32381a310713","ApprovalConferenceRoomAB_DataCardKey_3":"bdeb6b40-5863-498f-ac47-0bc1eb37916b","Button7_1":"cdebffe3-82c6-4ef9-9824-ef2c2eb7efc2","ApprovalConferenceRoomAB_DataCardValue_3":"aa29ea4e-9db2-4f76-8209-1d9a25316b85","ApprovalConferenceRoomAB_ErrorMessage_3":"b8319cb0-d599-4e6b-8ece-86aa42ef2d43","ApprovalConferenceRoomABStart_DataCard_3":"1124d4b4-442c-4a62-8010-114a69f94869","ApprovalConferenceRoomABStart_StarVisible_3":"2ff46885-68e7-498d-8af6-908f33e16867","ApprovalConferenceRoomABStart_DataCardKey_3":"31c9f211-e634-4446-a96b-07b6882c865c","ApprovalConferenceRoomABStart_DateValue_3":"ad84a5db-735a-4773-abf5-c5e91bd95fa4","ApprovalConferenceRoomABStart_HourValue_3":"afaa2478-6b5e-4a92-87f3-c26f8c17fcda","ApprovalConferenceRoomABStart_Separator_3":"a7d37bbd-fd23-443e-a8f2-4dd5a33d3607","ApprovalConferenceRoomABStart_MinuteValue_3":"28727780-8679-49de-b850-c2d0c7f80bc1","ApprovalABStart_Dropdown_3":"a160dcc7-03af-4822-a52a-279a59b56820","ApprovalConferenceRoomABStart_ErrorMessage_3":"f4d1e342-53e2-4cbe-9794-5502c9eb23ef","ApprovalConferenceRoomABEnd_DataCard_3":"93f52adc-4075-4b32-864c-8a0f9be9bd32","ApprovalConferenceRoomABEnd_StarVisible_3":"54ce0252-db91-4141-bd57-9ee4e3ad0f04","ApprovalConferenceRoomABEnd_DataCardKey_3":"b5e49c4c-710c-4152-bfee-8996fad032c3","ApprovalABEND_Dropdown_3":"ea56313d-8c63-4e16-a8fc-d26d58e38836","ApprovalConferenceRoomABEnd_DateValue_3":"0a919220-3f74-47b6-8b5c-71eeb7172e69","ApprovalConferenceRoomABEnd_HourValue_3":"bbc421c5-4f0f-44c9-9b8e-93f67428a8b8","ApprovalConferenceRoomABEnd_Separator_3":"e750d732-46cb-40ed-98a9-5345f96cd802","ApprovalConferenceRoomABEnd_MinuteValue_3":"f57173d6-e22e-445d-8340-63cf8a3501b4","ApprovalConferenceRoomABEnd_ErrorMessage_3":"a685b40d-830e-42e7-b699-f3afce5eb13d","ApprovalConferenceRoomC_DataCard_3":"1f3ca389-a1ca-4b53-adae-c33f2f7db9c4","ApprovalConferenceRoomC_StarVisible_3":"e9095307-0636-4d56-84f8-e1c885ca55ef","ApprovalConferenceRoomC_DataCardKey_3":"062da4e2-b7f9-4718-85f0-9b729153cc36","ApprovalConferenceRoomC_DataCardValue_3":"64b6ec43-ed14-48a9-8142-de8ab1ef04e3","ApprovalConferenceRoomC_ErrorMessage_3":"05ffd359-e652-4011-b000-fe90141a0ffd","ApprovalConferenceRoomCStart_DataCard_3":"350e974d-6e5f-4664-9164-70952473f8cb","ApprovalConferenceRoomCStart_StarVisible_3":"232ca23e-3883-42d9-a12a-4efea587fd59","ApprovalConferenceRoomCStart_DataCardKey_3":"dc392dfe-cd52-43c2-b6cd-59f3d98cb543","ApprovalConferenceRoomCStart_dropdown_3":"d7c588c0-3d80-4d44-855d-5b7794332c33","ApprovalConferenceRoomCStart_DateValue_3":"0a9e11b9-d560-4175-b487-35afc3307cfa","ApprovalConferenceRoomCStart_HourValue_3":"c6707e02-9f7c-4251-8b29-c4cc0f392ba2","ApprovalConferenceRoomCStart_MinuteValue_3":"41c10338-3c2d-4d7b-afc1-470d70bcb37c","ApprovalConferenceRoomCStart_ErrorMessage_3":"d57ea5c0-c2f1-42e2-a8f3-13ad6bb3c985","ApprovalConferenceRoomCEnd_DataCard_3":"beb53a63-24f3-4e2f-b5ea-c9039809f772","ApprovalConferenceRoomCEnd_StarVisible_3":"d2931589-fcf1-49b9-8cdc-50bd7793f55a","ApprovalConferenceRoomCEnd_DataCardKey_3":"78fa0a9f-ad81-46b6-9a91-37f8fa04faec","ApprovalConferenceRoomCEnd_Dropdown_3":"6f9b4ada-5810-428e-b6a9-6ded61ed091d","ApprovalConferenceRoomCEnd_DateValue_3":"5fed035d-027b-4a13-988b-72d2e633cef4","ApprovalConferenceRoomCEnd_HourValue_3":"fbd17205-c84c-4c08-b9f3-1d5002086269","ApprovalConferenceRoomCEnd_Separator_3":"54a87bd3-317f-479b-8556-3dcbbbea38e9","ApprovalConferenceRoomCEnd_MinuteValue_3":"2634e79a-3463-4486-ba1d-4942b49b2d5f","ApprovalConferenceRoomCEnd_ErrorMessage_3":"23ad83af-ca9a-4b77-8a3e-73cc1dd1c034","ApprovalConferenceRoomD_DataCard_3":"a2a2826f-fe78-4ce5-afe4-14885c5b314c","ApprovalConferenceRoomD_StarVisible_3":"8cbd6533-a81d-47cd-a47a-2f8e829f68fb","ApprovalConferenceRoomD_DataCardKey_3":"4fdd49c2-0eef-47a1-9909-f776bb9681ee","ApprovalConferenceRoomD_DataCardValue_3":"b125994f-334c-4b1e-a6cd-e7af5b250d7f","ApprovalConferenceRoomD_ErrorMessage_3":"87d0a096-c94a-4e7c-a425-ffa71896a019","ApprovalConferenceRoomDStart_DataCard_3":"6072d4af-402d-405a-8e76-48c7ae30442d","ApprovalConferenceRoomDStart_StarVisible_3":"b23d0d59-9d91-484c-ba0d-81f432eb0b83","ApprovalConferenceRoomDStart_DataCardKey_3":"009471aa-22e6-4354-bc43-d54a174d8c2f","ApprovalConferenceRoomDStart_DateValue_3":"a5d1d84e-60a0-41de-8da3-dd835e989a19","ApprovalConferenceRoomDStart_HourValue_3":"c8bef439-5199-4872-8899-4ce9835ee934","ApprovalConferenceRoomDStart_Separator_3":"ab4c6d0b-49e2-45ab-baf7-abb919e23135","ApprovalConferenceRoomDStart_MinuteValue_3":"b1afb254-1388-4508-87a5-c947f84ceafb","ApprovalConferenceRoomDStart_Dropdown_3":"6f28b029-0a98-439c-a565-b0420f4ed4d9","ApprovalConferenceRoomDStart_ErrorMessage_3":"b5fef0ee-419f-485c-a973-35d10b0acaa2","ApprovalConferenceRoomDEnd_DataCard_3":"3039223e-f43a-43b1-8b1f-ebc1bd8ee3d0","ApprovalConferenceRoomDEnd_StarVisible_3":"932e3686-e69a-41f4-8efb-f3facfea1940","ApprovalConferenceRoomDEnd_DataCardKey_3":"c80a1438-4fdf-401b-a856-b150e1456e6b","ApprovalConferenceRoomDEnd_Dropdown_3":"ed9b29af-a5e9-4c64-9e33-350fd100d372","ApprovalConferenceRoomDEnd_DateValue_3":"b4a9fc26-c148-422a-b3f9-ddafd516cae1","ApprovalConferenceRoomDEnd_HourValue_3":"e454e5f2-4bce-4c76-a81f-5eb2e6249699","ApprovalConferenceRoomDEnd_Separator_3":"6d9ef012-7a66-4caf-bb8b-939263460789","ApprovalConferenceRoomDEnd_MinuteValue_3":"473e9814-e345-414e-8f6d-dc4efee56fcb","ApprovalConferenceRoomDEnd_ErrorMessage_3":"2c4d935f-f20f-49c9-867e-348252f06503","Submit_DataCard_3":"3f731ae1-0ead-4f7b-a671-fc0ff4d29ce6","Submit_Button_3":"60e717e7-6e8c-42db-b294-de1a00eeee0a"}