{"name":"fd704acc-496c-4e74-9c4a-c34932b0a67e","id":"/providers/Microsoft.Flow/flows/fd704acc-496c-4e74-9c4a-c34932b0a67e","type":"Microsoft.Flow/flows","properties":{"apiId":"/providers/Microsoft.PowerApps/apis/shared_logicflows","displayName":"Send Reservation reminder -  ConfrRsrv","definition":{"metadata":{"workflowEntityId":null,"processAdvisorMetadata":null,"flowChargedByPaygo":null,"flowclientsuspensionreason":"None","flowclientsuspensiontime":null,"flowclientsuspensionreasondetails":null,"creator":{"id":"1f77b23b-93e1-4a61-be2d-079c926aa021","type":"User","tenantId":"246e714f-e4c2-40eb-a104-f70e9c80d6dc"},"provisioningMethod":"FromDefinition","failureAlertSubscription":true,"clientLastModifiedTime":"2023-09-29T05:37:58.6385245Z","connectionKeySavedTimeKey":"2024-09-26T12:08:27.0948507Z"},"$schema":"https://schema.management.azure.com/providers/Microsoft.Logic/schemas/2016-06-01/workflowdefinition.json#","contentVersion":"1.0.0.0","parameters":{"$connections":{"defaultValue":{},"type":"Object"},"$authentication":{"defaultValue":{},"type":"SecureObject"}},"triggers":{"Recurrence":{"recurrence":{"frequency":"Day","interval":1,"startTime":"2022-04-19T09:00:00.000Z"},"metadata":{"operationMetadataId":"2ca0f257-466a-4d0d-b180-85244fd4055a"},"type":"Recurrence"}},"actions":{"Initialize_variable":{"runAfter":{},"metadata":{"operationMetadataId":"a54476a3-cf68-47bf-a420-3cbc8a34371d"},"type":"InitializeVariable","inputs":{"variables":[{"name":"ListItemTargetURL","type":"string"}]}},"Get_Todays_Reminders":{"runAfter":{"Apply_to_each":["Succeeded"]},"metadata":{"operationMetadataId":"dfe9a646-1fd9-4d93-98dc-038559d7f2a8"},"type":"OpenApiConnection","inputs":{"host":{"apiId":"/providers/Microsoft.PowerApps/apis/shared_sharepointonline","connectionName":"shared_sharepointonline","operationId":"GetItems"},"parameters":{"dataset":"@variables('HostSiteURL')","table":"ReservationReminder","$filter":"ReminderStatus eq 'Not Sent'"},"authentication":"@parameters('$authentication')"}},"Apply_to_each_Reminder":{"foreach":"@outputs('Get_Todays_Reminders')?['body/value']","actions":{"Get_Meeting_List_Item":{"runAfter":{},"metadata":{"operationMetadataId":"12d9847e-78b6-4400-a56e-a008154b76af"},"type":"OpenApiConnection","inputs":{"host":{"apiId":"/providers/Microsoft.PowerApps/apis/shared_sharepointonline","connectionName":"shared_sharepointonline","operationId":"GetItem"},"parameters":{"dataset":"@variables('HostSiteURL')","table":"NewMeetingRequest","id":"@items('Apply_to_each_Reminder')?['MeetingListItemId']"},"authentication":"@parameters('$authentication')"}},"Update_item":{"runAfter":{"Send_Reservation_Reminder_Notification":["Succeeded"]},"metadata":{"operationMetadataId":"f9aecba1-3753-43d4-b993-17a536977f32"},"type":"OpenApiConnection","inputs":{"host":{"apiId":"/providers/Microsoft.PowerApps/apis/shared_sharepointonline","connectionName":"shared_sharepointonline","operationId":"PatchItem"},"parameters":{"dataset":"@variables('HostSiteURL')","table":"ReservationReminder","id":"@items('Apply_to_each_Reminder')?['ID']","item":{"Title":"@{items('Apply_to_each_Reminder')?['Title']}","ReminderDate":"@{items('Apply_to_each_Reminder')?['ReminderDate']}","ReminderStatus":{"Value":"Sent"}}},"authentication":"@parameters('$authentication')"}},"Send_Reservation_Reminder_Notification":{"runAfter":{"Check_for_ReminderNotes":["Succeeded"]},"metadata":{"operationMetadataId":"bac781d9-ddea-41b7-b7eb-0b7b26b5c424"},"type":"OpenApiConnection","inputs":{"host":{"apiId":"/providers/Microsoft.PowerApps/apis/shared_office365","connectionName":"shared_office365","operationId":"SendEmailV2"},"parameters":{"emailMessage/To":"@items('Apply_to_each_Reminder')?['SendReminderTo/Email']","emailMessage/Subject":"@replace(variables('emailSubject'), '@@MeetingName@@', outputs('Get_Meeting_List_Item')?['body/Title'])","emailMessage/Body":"<p>@{variables('emailBody')}</p>"},"authentication":"@parameters('$authentication')"}},"Set_MsgTextHolder":{"runAfter":{"Meeting_Adjourn":["Succeeded"]},"metadata":{"operationMetadataId":"fd5f347e-4184-4547-9651-7bfc5369a8d9"},"type":"SetVariable","inputs":{"name":"MsgTextHolder","value":"@{replace(replace(replace(replace(replace(replace(replace(replace(variables('BodyTemplate'),'@@MeetingRequestor@@', outputs('Get_Meeting_List_Item')?['body/RequestorName/DisplayName']),'@@MeetingContact@@', outputs('Get_Meeting_List_Item')?['body/Primary_x0020_Meeting_x0020_Cont']),'@@MeetingName@@', outputs('Get_Meeting_List_Item')?['body/Title']),'@@MeetingStart@@', formatDateTime(body('Meeting_Start'), 'g')),'@@MeetingAdjorn@@', formatDateTime(body('Meeting_Adjourn'), 'g')),'@@ReservedRooms@@', coalesce(outputs('Get_Meeting_List_Item')?['body/Reserved_x0020_Rooms'], '')),'@@NewMeetingRequestListItemID@@',items('Apply_to_each_Reminder')?['MeetingListItemId']), '@@MeetingURL@@', body('Get_Email_Body')[0]?['SText'])}"}},"Check_for_ReminderNotes":{"actions":{"Update_emailBody_with_Notes":{"runAfter":{},"metadata":{"operationMetadataId":"7e97a60a-9bab-4fa0-ac56-105685e39ebe"},"type":"SetVariable","inputs":{"name":"emailBody","value":"@{replace(variables('MsgTextHolder'),'@@ReminderNotes@@',items('Apply_to_each_Reminder')?['ReminderNotes'])}"}}},"runAfter":{"Set_MsgTextHolder":["Succeeded"]},"else":{"actions":{"Update_emailBody_without_Notes":{"runAfter":{},"metadata":{"operationMetadataId":"14610bd5-7593-4774-a6fe-264e94316d8c"},"type":"SetVariable","inputs":{"name":"emailBody","value":"@{replace(variables('MsgTextHolder'),'@@ReminderNotes@@','')}"}}}},"expression":{"not":{"equals":["@items('Apply_to_each_Reminder')?['ReminderNotes']","@null"]}},"metadata":{"operationMetadataId":"4bcabfd4-506a-4c18-aa12-6d3aec6246ce"},"type":"If"},"Send_Flow_Failure_Get_Meeting_List_Item":{"runAfter":{"Get_Meeting_List_Item":["Failed","TimedOut"]},"metadata":{"operationMetadataId":"0d70b7d7-2133-47c6-aaee-10fecb7330d5"},"type":"OpenApiConnection","inputs":{"host":{"apiId":"/providers/Microsoft.PowerApps/apis/shared_office365","connectionName":"shared_office365","operationId":"SendEmailV2"},"parameters":{"emailMessage/To":"@variables('FlowFailureAlertMail')","emailMessage/Subject":"Flow Failure:@{workflow()?['tags']?['flowDisplayName']}","emailMessage/Body":"<p>Failed Action:Get Meeting List Item<br>\n@{variables('constLinkToWorkflowHistory')}</p>"},"authentication":"@parameters('$authentication')"}},"Send_Flow_Failure_Get_for_ReminderNotes":{"runAfter":{"Check_for_ReminderNotes":["Failed","TimedOut"]},"metadata":{"operationMetadataId":"0d70b7d7-2133-47c6-aaee-10fecb7330d5"},"type":"OpenApiConnection","inputs":{"host":{"apiId":"/providers/Microsoft.PowerApps/apis/shared_office365","connectionName":"shared_office365","operationId":"SendEmailV2"},"parameters":{"emailMessage/To":"@variables('FlowFailureAlertMail')","emailMessage/Subject":"Flow Failure:@{workflow()?['tags']?['flowDisplayName']}","emailMessage/Body":"<p>Failed Action:Get for ReminderNotes<br>\n@{variables('constLinkToWorkflowHistory')}</p>"},"authentication":"@parameters('$authentication')"}},"Send_Flow_Failure_Set_MsgTextHolder":{"runAfter":{"Set_MsgTextHolder":["Failed","TimedOut"]},"metadata":{"operationMetadataId":"0d70b7d7-2133-47c6-aaee-10fecb7330d5"},"type":"OpenApiConnection","inputs":{"host":{"apiId":"/providers/Microsoft.PowerApps/apis/shared_office365","connectionName":"shared_office365","operationId":"SendEmailV2"},"parameters":{"emailMessage/To":"@variables('FlowFailureAlertMail')","emailMessage/Subject":"Flow Failure:@{workflow()?['tags']?['flowDisplayName']}","emailMessage/Body":"<p>Failed Action:Set MsgTextHolder<br>\n@{variables('constLinkToWorkflowHistory')}"},"authentication":"@parameters('$authentication')"}},"Send_Flow_Failure_Update_Item":{"runAfter":{"Update_item":["Failed","TimedOut"]},"metadata":{"operationMetadataId":"0d70b7d7-2133-47c6-aaee-10fecb7330d5"},"type":"OpenApiConnection","inputs":{"host":{"apiId":"/providers/Microsoft.PowerApps/apis/shared_office365","connectionName":"shared_office365","operationId":"SendEmailV2"},"parameters":{"emailMessage/To":"@variables('FlowFailureAlertMail')","emailMessage/Subject":"Flow Failure:@{workflow()?['tags']?['flowDisplayName']}","emailMessage/Body":"<p>Failed Action:Update Item<br>\n@{variables('constLinkToWorkflowHistory')}</p>"},"authentication":"@parameters('$authentication')"}},"Meeting_Start":{"runAfter":{"Get_Meeting_List_Item":["Succeeded"]},"metadata":{"operationMetadataId":"40ba4c4e-2e5f-4572-b776-f18ee91a3c47"},"type":"Expression","kind":"ConvertTimeZone","inputs":{"baseTime":"@outputs('Get_Meeting_List_Item')?['body/Meeting_x0020_Start']","formatString":"u","sourceTimeZone":"UTC","destinationTimeZone":"Eastern Standard Time"}},"Meeting_Adjourn":{"runAfter":{"Meeting_Start":["Succeeded"]},"metadata":{"operationMetadataId":"59bca8f1-0c24-4b84-aaa6-7109b6f732ee"},"type":"Expression","kind":"ConvertTimeZone","inputs":{"baseTime":"@outputs('Get_Meeting_List_Item')?['body/Meeting_x0020_Adjourn']","formatString":"u","sourceTimeZone":"UTC","destinationTimeZone":"Eastern Standard Time"}}},"runAfter":{"Set_BodyTemplate":["Succeeded"]},"metadata":{"operationMetadataId":"caf3d4e8-c3c3-4ab4-9055-591be430d8de"},"type":"Foreach"},"Initialize_emailSubject":{"runAfter":{"Initialize_variable":["Succeeded"]},"metadata":{"operationMetadataId":"6811a411-5b90-453c-bfdc-e2f34797922a"},"type":"InitializeVariable","inputs":{"variables":[{"name":"emailSubject","type":"string"}]}},"Initialize_emailBody":{"runAfter":{"Initialize_emailSubject":["Succeeded"]},"metadata":{"operationMetadataId":"b719f0a6-cdb9-4b6d-8489-01b546b876f7"},"type":"InitializeVariable","inputs":{"variables":[{"name":"emailBody","type":"string"}]}},"Get_Email_Config_Values":{"runAfter":{"Get_Todays_Reminders":["Succeeded"]},"metadata":{"operationMetadataId":"026b28bd-bf77-4031-a83c-a78b38d6e65c"},"type":"OpenApiConnection","inputs":{"host":{"apiId":"/providers/Microsoft.PowerApps/apis/shared_sharepointonline","connectionName":"shared_sharepointonline","operationId":"HttpRequest"},"parameters":{"dataset":"@variables('HostSiteURL')","parameters/method":"GET","parameters/uri":"_api/web/lists/getbytitle('ConferenceCenterReservationRequestApprovalConfig')/items?$filter=startswith(Title,'MeetingReminderNotification')&$select=Title,HTMLText,MText,SText,Person/EMail&$expand=Person/ID","parameters/headers":{"accept":"application/json;odata=verbose","content-type":"application/json;odata=verbose"}},"authentication":"@parameters('$authentication')"}},"Set_emailSubject":{"runAfter":{"Get_Email_Subject":["Succeeded"]},"metadata":{"operationMetadataId":"b48e25db-e0ee-4c87-8d53-9e1b3ec69000"},"type":"SetVariable","inputs":{"name":"emailSubject","value":"@{body('Get_Email_Subject')[0]?['SText']}"}},"Get_Email_Subject":{"runAfter":{"Get_Email_Config_Values":["Succeeded"]},"metadata":{"operationMetadataId":"fd0e954a-b0ec-4d15-b5c4-d14eedd67a4a"},"type":"Query","inputs":{"from":"@body('Get_Email_Config_Values')?['d']?['results']","where":"@equals(item()['Title'], 'MeetingReminderNotification-Email-Subject')"}},"Get_Email_Body":{"runAfter":{"Set_emailSubject":["Succeeded"]},"metadata":{"operationMetadataId":"9165e0d4-881b-414d-a332-34f1547f20b1"},"type":"Query","inputs":{"from":"@body('Get_Email_Config_Values')?['d']?['results']","where":"@equals(item()['Title'], 'MeetingReminderNotification-Email-Body')"}},"Set_BodyTemplate":{"runAfter":{"Get_Email_Body":["Succeeded"]},"metadata":{"operationMetadataId":"7e97a60a-9bab-4fa0-ac56-105685e39ebe"},"type":"SetVariable","inputs":{"name":"BodyTemplate","value":"@{body('Get_Email_Body')[0]?['HTMLText']}"}},"Initialize_MsgTextHolder":{"runAfter":{"Initialize_BodyTemplate":["Succeeded"]},"metadata":{"operationMetadataId":"b1e2a61a-121c-4f43-baed-59f8dfc77cd2"},"type":"InitializeVariable","inputs":{"variables":[{"name":"MsgTextHolder","type":"string"}]}},"Initialize_BodyTemplate":{"runAfter":{"Initialize_emailBody":["Succeeded"]},"metadata":{"operationMetadataId":"664f2e9c-f0ab-44e8-a5c0-64144b4a8099"},"type":"InitializeVariable","inputs":{"variables":[{"name":"BodyTemplate","type":"string"}]}},"Send_Flow_Failure_Get_Email_Config_Values":{"runAfter":{"Get_Email_Config_Values":["Failed","TimedOut"]},"metadata":{"operationMetadataId":"0d70b7d7-2133-47c6-aaee-10fecb7330d5"},"type":"OpenApiConnection","inputs":{"host":{"apiId":"/providers/Microsoft.PowerApps/apis/shared_office365","connectionName":"shared_office365","operationId":"SendEmailV2"},"parameters":{"emailMessage/To":"@variables('FlowFailureAlertMail')","emailMessage/Subject":"Flow Failure:@{workflow()?['tags']?['flowDisplayName']}","emailMessage/Body":"<p>Failed Action:Get Email Config Values<br>\n@{variables('constLinkToWorkflowHistory')}</p>"},"authentication":"@parameters('$authentication')"}},"Send_Flow_Failure_Get_Todays_Reminders":{"runAfter":{"Get_Todays_Reminders":["Failed","TimedOut"]},"metadata":{"operationMetadataId":"0d70b7d7-2133-47c6-aaee-10fecb7330d5"},"type":"OpenApiConnection","inputs":{"host":{"apiId":"/providers/Microsoft.PowerApps/apis/shared_office365","connectionName":"shared_office365","operationId":"SendEmailV2"},"parameters":{"emailMessage/To":"@variables('FlowFailureAlertMail')","emailMessage/Subject":"Flow Failure:@{workflow()?['tags']?['flowDisplayName']}","emailMessage/Body":"<p>Failed Action:Get Todays Reminders<br>\n@{variables('constLinkToWorkflowHistory')}\n</p>"},"authentication":"@parameters('$authentication')"}},"Initialize_constLinkToWorkflowHistory":{"runAfter":{"Initialize_MsgTextHolder":["Succeeded"]},"metadata":{"operationMetadataId":"0477e31b-4e94-44ee-9011-40b2c62972ac"},"type":"InitializeVariable","inputs":{"variables":[{"name":"constLinkToWorkflowHistory","type":"string"}]}},"Initialize_HostSiteURL":{"runAfter":{"Initialize_constLinkToWorkflowHistory":["Succeeded"]},"metadata":{"operationMetadataId":"c26241ca-5291-4f14-a1ac-58d7a06f01f7"},"type":"InitializeVariable","inputs":{"variables":[{"name":"HostSiteURL","type":"string"}]}},"Initialize_FlowFailureAlertMail":{"runAfter":{"Initialize_HostSiteURL":["Succeeded"]},"metadata":{"operationMetadataId":"8e1230c4-bad8-468d-a1d6-f6fd8938a668"},"type":"InitializeVariable","inputs":{"variables":[{"name":"FlowFailureAlertMail","type":"string"}]}},"Get_Host_URL":{"runAfter":{"Initialize_FlowFailureAlertMail":["Succeeded"]},"metadata":{"operationMetadataId":"bcd75e4a-b0c5-4c0e-bdec-63001a490f2d"},"type":"OpenApiConnection","inputs":{"host":{"apiId":"/providers/Microsoft.PowerApps/apis/shared_sharepointonline","connectionName":"shared_sharepointonline","operationId":"GetItems"},"parameters":{"dataset":"https://aacr615.sharepoint.com/sites/AACRConferenceCenter","table":"ConferenceCenterReservationRequestApprovalConfig","$top":5000},"authentication":"@parameters('$authentication')"}},"Set_constLinkToWorkflowHistory":{"runAfter":{"Set_HostSiteURL":["Succeeded"]},"metadata":{"operationMetadataId":"0d9ede43-bad8-4517-8e84-34516655e28a"},"type":"SetVariable","inputs":{"name":"constLinkToWorkflowHistory","value":"@{replace(replace(replace(body('Filter_constLinkToWorkflowHistoryData')[0]['HTMLText'], '@@environmentName@@', workflow()['tags']['environmentName']), '@@logicAppName@@', workflow()['tags']['logicAppName']), '@@name@@', workflow()['run']['name'])}"}},"Apply_to_each":{"foreach":"@body('Filter_ErrorRecipientsData')[0]['Person']","actions":{"Append_to_string_variable":{"runAfter":{},"metadata":{"operationMetadataId":"4024dc80-fa13-4f22-9db5-c232e5147588"},"type":"AppendToStringVariable","inputs":{"name":"FlowFailureAlertMail","value":"@{items('Apply_to_each')['Email']};"}}},"runAfter":{"Set_constLinkToWorkflowHistory":["Succeeded"]},"metadata":{"operationMetadataId":"657e945b-6fd6-4e5c-863d-fdf5177ba1dd"},"type":"Foreach"},"Filter_Host_URL":{"runAfter":{"Get_Host_URL":["Succeeded"]},"metadata":{"operationMetadataId":"fbc2788f-e5f7-4d98-8594-5368e3ed7e98"},"type":"Query","inputs":{"from":"@outputs('Get_Host_URL')?['body/value']","where":"@equals(item()?['Title'], 'Host URL')"}},"Filter_constLinkToWorkflowHistoryData":{"runAfter":{"Filter_Host_URL":["Succeeded"]},"metadata":{"operationMetadataId":"aa34daea-9ad7-4ea9-81e1-1703ac1e140c"},"type":"Query","inputs":{"from":"@outputs('Get_Host_URL')?['body/value']","where":"@equals(item()?['Title'], 'constLinkToWorkflowHistory')"}},"Filter_ErrorRecipientsData":{"runAfter":{"Filter_constLinkToWorkflowHistoryData":["Succeeded"]},"metadata":{"operationMetadataId":"fc32dafd-dd35-469f-8d12-7bf4f3006e2f"},"type":"Query","inputs":{"from":"@outputs('Get_Host_URL')?['body/value']","where":"@equals(item()?['Title'], 'Error Recipients')"}},"Set_HostSiteURL":{"runAfter":{"Filter_ErrorRecipientsData":["Succeeded"]},"metadata":{"operationMetadataId":"fa6de1a5-be68-4665-8a74-8f402a18ab36"},"type":"SetVariable","inputs":{"name":"HostSiteURL","value":"@{body('Filter_Host_URL')[0]['SText']}"}}}},"connectionReferences":{"shared_sharepointonline":{"connectionName":"b7db2d287b464bf69ea135fc6945d56d","source":"Embedded","id":"/providers/Microsoft.PowerApps/apis/shared_sharepointonline","tier":"NotSpecified","apiName":"sharepointonline"},"shared_office365":{"connectionName":"706b4d9f897e4adeba9f349c55e80068","source":"Embedded","id":"/providers/Microsoft.PowerApps/apis/shared_office365","tier":"NotSpecified","apiName":"office365"}},"flowFailureAlertSubscribed":false,"isManaged":false}}