{"name":"ad6b2377-9d3d-48ae-a25a-8c7f47cc3d3b","id":"/providers/Microsoft.Flow/flows/ad6b2377-9d3d-48ae-a25a-8c7f47cc3d3b","type":"Microsoft.Flow/flows","properties":{"apiId":"/providers/Microsoft.PowerApps/apis/shared_logicflows","displayName":"Assigned Person Notification - ConfrRsrv","definition":{"metadata":{"workflowEntityId":null,"processAdvisorMetadata":null,"flowChargedByPaygo":null,"flowclientsuspensionreason":"None","flowclientsuspensionreasondetails":null,"flowclientsuspensiontime":null,"creator":{"id":"1f77b23b-93e1-4a61-be2d-079c926aa021","type":"User","tenantId":"246e714f-e4c2-40eb-a104-f70e9c80d6dc"},"provisioningMethod":"FromDefinition","failureAlertSubscription":true,"clientLastModifiedTime":"2023-09-29T05:07:37.6159036Z","connectionKeySavedTimeKey":"2024-09-27T11:12:19.8257536Z"},"$schema":"https://schema.management.azure.com/providers/Microsoft.Logic/schemas/2016-06-01/workflowdefinition.json#","contentVersion":"1.0.0.0","parameters":{"$connections":{"defaultValue":{},"type":"Object"},"$authentication":{"defaultValue":{},"type":"SecureObject"}},"triggers":{"When_an_item_is_created_or_modified":{"recurrence":{"frequency":"Minute","interval":5},"splitOn":"@triggerOutputs()?['body/value']","metadata":{"operationMetadataId":"0099c1f5-19e1-4ee7-9127-f9d8fbd032db"},"type":"OpenApiConnection","inputs":{"host":{"apiId":"/providers/Microsoft.PowerApps/apis/shared_sharepointonline","connectionName":"shared_sharepointonline","operationId":"GetOnUpdatedItems"},"parameters":{"dataset":"https://aacr615.sharepoint.com/sites/AACRConferenceCenter","table":"NewMeetingRequest"},"authentication":"@parameters('$authentication')"},"conditions":[{"expression":"@and(equals(triggerOutputs()?['body/Status/Value'],'Approved'),equals(triggerOutputs()?['body/AssignedPersonNotificationSent_x'],false))"}]}},"actions":{"Condition":{"actions":{"Get_Email_Subject":{"runAfter":{"Get_Email_Config_Values":["Succeeded"]},"metadata":{"operationMetadataId":"fd0e954a-b0ec-4d15-b5c4-d14eedd67a4a"},"type":"Query","inputs":{"from":"@body('Get_Email_Config_Values')?['d']?['results']","where":"@equals(item()['Title'], 'AssignedPersonNotification-Email-Subject')"}},"Get_Email_Body":{"runAfter":{"Set_emailSubject":["Succeeded"]},"metadata":{"operationMetadataId":"9165e0d4-881b-414d-a332-34f1547f20b1"},"type":"Query","inputs":{"from":"@body('Get_Email_Config_Values')?['d']?['results']","where":"@equals(item()['Title'], 'AssignedPersonNotification-Email-Body')"}},"Get_Email_Config_Values":{"runAfter":{},"metadata":{"operationMetadataId":"026b28bd-bf77-4031-a83c-a78b38d6e65c"},"type":"OpenApiConnection","inputs":{"host":{"apiId":"/providers/Microsoft.PowerApps/apis/shared_sharepointonline","connectionName":"shared_sharepointonline","operationId":"HttpRequest"},"parameters":{"dataset":"@variables('HostSiteURL')","parameters/method":"GET","parameters/uri":"_api/web/lists/getbytitle('ConferenceCenterReservationRequestApprovalConfig')/items?$filter=startswith(Title,'AssignedPersonNotification')&$select=Title,HTMLText,MText,SText,CCPerson/EMail,Person/EMail&$expand=Person/ID,CCPerson/ID","parameters/headers":{"accept":"application/json;odata=verbose","content-type":"application/json;odata=verbose"}},"authentication":"@parameters('$authentication')"}},"Set_emailBody":{"runAfter":{"Get_Email_Body":["Succeeded"]},"metadata":{"operationMetadataId":"7e97a60a-9bab-4fa0-ac56-105685e39ebe"},"type":"SetVariable","inputs":{"name":"emailBody","value":"@{body('Get_Email_Body')[0]?['HTMLText']}"}},"Set_emailSubject":{"runAfter":{"Get_Email_Subject":["Succeeded"]},"metadata":{"operationMetadataId":"b48e25db-e0ee-4c87-8d53-9e1b3ec69000"},"type":"SetVariable","inputs":{"name":"emailSubject","value":"@{body('Get_Email_Subject')[0]?['SText']}"}},"Send_Assigned_Person_Notification":{"runAfter":{"Set_emailBody":["Succeeded"]},"metadata":{"operationMetadataId":"bac781d9-ddea-41b7-b7eb-0b7b26b5c424"},"type":"OpenApiConnection","inputs":{"host":{"apiId":"/providers/Microsoft.PowerApps/apis/shared_office365","connectionName":"shared_office365","operationId":"SendEmailV2"},"parameters":{"emailMessage/To":"@triggerOutputs()['body/RequestorName/Email']","emailMessage/Subject":"@replace(variables('emailSubject'),'@@MeetingName@@',triggerOutputs()?['body/Title'])","emailMessage/Body":"<p>&nbsp;@{replace(replace(replace(replace(replace(replace(variables('emailBody'),'@@MeetingName@@', triggerOutputs()?['body/Title']),'@@MeetingStart@@', formatDateTime(body('Meeting_Start'), 'g')),'@@MeetingAdjorn@@', formatDateTime(body('Meeting_Adjourn'), 'g')),'@@MeetingContact@@', triggerOutputs()?['body/Primary_x0020_Meeting_x0020_Cont']),'@@ReservedRooms@@', coalesce(string(triggerOutputs()?['body/Reserved_x0020_Rooms']), '')), '@@MyRequestURL@@', body('Get_Email_Body')[0]?['SText'])}</p>"},"authentication":"@parameters('$authentication')"}},"Send_Flow_Failure_Send_Assigned_Person_Notification":{"runAfter":{"Send_Assigned_Person_Notification":["Failed","TimedOut","Skipped"]},"metadata":{"operationMetadataId":"0d70b7d7-2133-47c6-aaee-10fecb7330d5"},"type":"OpenApiConnection","inputs":{"host":{"apiId":"/providers/Microsoft.PowerApps/apis/shared_office365","connectionName":"shared_office365","operationId":"SendEmailV2"},"parameters":{"emailMessage/To":"@variables('FlowFailureAlertMail')","emailMessage/Subject":"Flow Failure:@{workflow()?['tags']?['flowDisplayName']}","emailMessage/Body":"<p>Failed Action:Send Assigned Person Notification<br>\n@{variables('constLinkToWorkflowHistory')}</p>"},"authentication":"@parameters('$authentication')"}},"Send_Flow_Failure_Get_Email_Config_Values":{"runAfter":{"Get_Email_Config_Values":["Failed","TimedOut"]},"metadata":{"operationMetadataId":"0d70b7d7-2133-47c6-aaee-10fecb7330d5"},"type":"OpenApiConnection","inputs":{"host":{"apiId":"/providers/Microsoft.PowerApps/apis/shared_office365","connectionName":"shared_office365","operationId":"SendEmailV2"},"parameters":{"emailMessage/To":"@variables('FlowFailureAlertMail')","emailMessage/Subject":"Flow Failure:@{workflow()?['tags']?['flowDisplayName']}","emailMessage/Body":"<p>Failed Action:Get Email Config Values<br>\n@{variables('constLinkToWorkflowHistory')}</p>"},"authentication":"@parameters('$authentication')"}}},"runAfter":{"Apply_to_each":["Succeeded"]},"expression":{"and":[{"equals":["@triggerOutputs()?['body/Status/Value']","Approved"]},{"equals":["@triggerOutputs()?['body/AssignedPersonNotificationSent_x']","@false"]}]},"metadata":{"operationMetadataId":"5766192b-e262-4e7c-934e-ad87c6b3418c"},"type":"If"},"Initialize_emailSubject":{"runAfter":{},"metadata":{"operationMetadataId":"6811a411-5b90-453c-bfdc-e2f34797922a"},"type":"InitializeVariable","inputs":{"variables":[{"name":"emailSubject","type":"string"}]}},"Initialize_emailBody":{"runAfter":{"Initialize_emailSubject":["Succeeded"]},"metadata":{"operationMetadataId":"b719f0a6-cdb9-4b6d-8489-01b546b876f7"},"type":"InitializeVariable","inputs":{"variables":[{"name":"emailBody","type":"string"}]}},"Initialize_constLinkToWorkflowHistory":{"runAfter":{"Initialize_emailBody":["Succeeded"]},"metadata":{"operationMetadataId":"c8f13c17-a607-4aa9-a17b-b13dd5a34677"},"type":"InitializeVariable","inputs":{"variables":[{"name":"constLinkToWorkflowHistory","type":"string"}]}},"Meeting_Start":{"runAfter":{"Initialize_FlowFailureAlertMail":["Succeeded"]},"metadata":{"operationMetadataId":"164fe998-0080-44f3-b76a-613377742cf8"},"type":"Expression","kind":"ConvertTimeZone","inputs":{"baseTime":"@triggerOutputs()?['body/Meeting_x0020_Start']","formatString":"u","sourceTimeZone":"UTC","destinationTimeZone":"Eastern Standard Time"}},"Meeting_Adjourn":{"runAfter":{"Meeting_Start":["Succeeded"]},"metadata":{"operationMetadataId":"0212ab81-0af5-4188-9a9e-d41100b9c587"},"type":"Expression","kind":"ConvertTimeZone","inputs":{"baseTime":"@triggerOutputs()?['body/Meeting_x0020_Adjourn']","formatString":"u","sourceTimeZone":"UTC","destinationTimeZone":"Eastern Standard Time"}},"Get_Host_URL":{"runAfter":{"Meeting_Adjourn":["Succeeded"]},"metadata":{"operationMetadataId":"bcd75e4a-b0c5-4c0e-bdec-63001a490f2d"},"type":"OpenApiConnection","inputs":{"host":{"apiId":"/providers/Microsoft.PowerApps/apis/shared_sharepointonline","connectionName":"shared_sharepointonline","operationId":"GetItems"},"parameters":{"dataset":"https://aacr615.sharepoint.com/sites/AACRConferenceCenter","table":"ConferenceCenterReservationRequestApprovalConfig","$top":5000},"authentication":"@parameters('$authentication')"}},"Initialize_FlowFailureAlertMail":{"runAfter":{"Initialize_HostSiteURL":["Succeeded"]},"metadata":{"operationMetadataId":"8e1230c4-bad8-468d-a1d6-f6fd8938a668"},"type":"InitializeVariable","inputs":{"variables":[{"name":"FlowFailureAlertMail","type":"string"}]}},"Apply_to_each":{"foreach":"@body('Filter_ErrorRecipientsData')[0]['Person']","actions":{"Append_to_string_variable":{"runAfter":{},"metadata":{"operationMetadataId":"4024dc80-fa13-4f22-9db5-c232e5147588"},"type":"AppendToStringVariable","inputs":{"name":"FlowFailureAlertMail","value":"@{items('Apply_to_each')['Email']};"}}},"runAfter":{"Set_constLinkToWorkflowHistory":["Succeeded"]},"metadata":{"operationMetadataId":"657e945b-6fd6-4e5c-863d-fdf5177ba1dd"},"type":"Foreach"},"Set_constLinkToWorkflowHistory":{"runAfter":{"Set_HostSiteURL":["Succeeded"]},"metadata":{"operationMetadataId":"0d9ede43-bad8-4517-8e84-34516655e28a"},"type":"SetVariable","inputs":{"name":"constLinkToWorkflowHistory","value":"@{replace(replace(replace(body('Filter_constLinkToWorkflowHistoryData')[0]['HTMLText'], '@@environmentName@@', workflow()['tags']['environmentName']), '@@logicAppName@@', workflow()['tags']['logicAppName']), '@@name@@', workflow()['run']['name'])}"}},"Initialize_HostSiteURL":{"runAfter":{"Initialize_constLinkToWorkflowHistory":["Succeeded"]},"metadata":{"operationMetadataId":"c26241ca-5291-4f14-a1ac-58d7a06f01f7"},"type":"InitializeVariable","inputs":{"variables":[{"name":"HostSiteURL","type":"string"}]}},"Set_HostSiteURL":{"runAfter":{"Filter_ErrorRecipientsData":["Succeeded"]},"metadata":{"operationMetadataId":"fa6de1a5-be68-4665-8a74-8f402a18ab36"},"type":"SetVariable","inputs":{"name":"HostSiteURL","value":"@{body('Filter_Host_URL')[0]['SText']}"}},"Filter_Host_URL":{"runAfter":{"Get_Host_URL":["Succeeded"]},"metadata":{"operationMetadataId":"51555ddc-22f5-42aa-8960-ce465c3171c1"},"type":"Query","inputs":{"from":"@outputs('Get_Host_URL')?['body/value']","where":"@equals(item()?['Title'], 'Host URL')"}},"Filter_constLinkToWorkflowHistoryData":{"runAfter":{"Filter_Host_URL":["Succeeded"]},"metadata":{"operationMetadataId":"116b5650-db0e-43b3-bfd8-e0cd30c41632"},"type":"Query","inputs":{"from":"@outputs('Get_Host_URL')?['body/value']","where":"@equals(item()?['Title'], 'constLinkToWorkflowHistory')"}},"Filter_ErrorRecipientsData":{"runAfter":{"Filter_constLinkToWorkflowHistoryData":["Succeeded"]},"metadata":{"operationMetadataId":"32c790e5-e5af-4c06-868d-c53389f3f190"},"type":"Query","inputs":{"from":"@outputs('Get_Host_URL')?['body/value']","where":"@equals(item()?['Title'], 'Error Recipients')"}}},"description":"This workflow sends a notification to the original requestor when their meeting has been assigned a primary contact."},"connectionReferences":{"shared_sharepointonline":{"connectionName":"b7db2d287b464bf69ea135fc6945d56d","source":"Embedded","id":"/providers/Microsoft.PowerApps/apis/shared_sharepointonline","tier":"NotSpecified"},"shared_office365":{"connectionName":"706b4d9f897e4adeba9f349c55e80068","source":"Embedded","id":"/providers/Microsoft.PowerApps/apis/shared_office365","tier":"NotSpecified"}},"flowFailureAlertSubscribed":false,"isManaged":false}}